Product ID,Description,"Potential Build
Qty",Quantity,Component Product ID,Description,"Component product 
 Remaining",Component note
B1014K,ANNISTON - Grey Fabric Bed with Storage - King,18
,,,1,B1014K-1/4,"ANNISTON Fabric Bed with Storage(Grey,King) - HEADBOARD",20,
,,,1,B1014K-2/4,"ANNISTON Fabric Bed with Storage(Grey,King) - SIDE RAILS",18,
,,,1,B1014K-3/4,"ANNISTON Fabric Bed with Storage(Grey,King) - FOOTBOARD+SLATS",23,
,,,1,B1014K-4/4,"ANNISTON Fabric Bed with Storage(Grey,King) - DRAWERS",19,
B1014Q,ANNISTON - Grey Fabric Bed with Storage - Queen,14
,,,1,B1014Q-1/4,"ANNISTON Fabric Bed with Storage(Grey,Queen) - HEADBOARD",16,
,,,1,B1014Q-2/4,"ANNISTON Fabric Bed with Storage(Grey,Queen) - SIDE RAILS",14,
,,,1,B1014Q-3/4,"ANNISTON Fabric Bed with Storage(Grey,Queen) - FOOTBOARD+SLATS",15,
,,,1,B1014Q-4/4,"ANNISTON Fabric Bed with Storage(Grey,Queen) - DRAWERS",16,
B1017K,MOLLY - Light Grey Fabric Bed - king,57
,,,1,B1017K-1/3,"Molly Fabric Bed(Light Grey,King) - HEADBOARD",63,
,,,1,B1017K-2/3,"Molly Fabric Bed(Light Grey,King) - SIDE RAILS",57,
,,,1,B1017K-3/3,"Molly Fabric Bed(Light Grey,King) - FOOTBOARD + SLATS",58,
B1017Q,MOLLY - Light Grey Fabric Bed - Queen,15
,,,1,B1017Q-1/3,"Molly Fabric Bed(Light Grey,Queen) - HEADBOARD",17,
,,,1,B1017Q-2/3,"Molly Fabric Bed(Light Grey,Queen) - SIDE RAILS",17,
,,,1,B1017Q-3/3,"Molly Fabric Bed(Light Grey,Queen) - FOOTBOARD + SLATS",15,
B1018K,"Molly Fabric Bed(Dark Grey,King)",2
,,,1,B1018K-1/3,"Molly Fabric Bed(Dark Grey,King) - HEADBOARD",2,
,,,1,B1018K-2/3,"Molly Fabric Bed(Dark Grey,King) - FOOTBOARD+SLATS",2,
,,,1,B1018K-3/3,"Molly Fabric Bed(Dark Grey,King) - SIDE RAILS",2,
B1018Q,"Molly Fabric Bed(Dark Grey,Queen)",2
,,,1,B1018Q-1/3,"Molly Fabric Bed(Dark Grey,Queen) - HEADBOARD",2,
,,,1,B1018Q-2/3,"Molly Fabric Bed(Dark Grey,Queen) - FOOTBOARD+SLATS",4,
,,,1,B1018Q-3/3,"Molly Fabric Bed(Dark Grey,Queen) - SIDE RAILS",4,
B1019K,MAY - Dark Grey Fabric Bed - King,1
,,,1,B1019K-1/3,"May Fabric Bed(Dark Grey,King) - HEADBOARD",1,
,,,1,B1019K-2/3,"May Fabric Bed(Dark Grey,King) - SIDE RAILS",1,
,,,1,B1019K-3/3,"May Fabric Bed(Dark Grey,King) - FOOTBOARD + SLATS",1,
B1019Q,MAY - Dark Grey Fabric Bed - Queen,3
,,,1,B1019Q-1/3,"May Fabric Bed(Dark Grey,Queen) - HEADBOARD",5,
,,,1,B1019Q-2/3,"May Fabric Bed(Dark Grey,Queen) - SIDE RAILS",3,
,,,1,B1019Q-3/3,"May Fabric Bed(Dark Grey,Queen) - FOOTBOARD + SLATS",3,
B1020K,"May Fabric Bed(Farmhouse Cream,King)",25
,,,1,B1020K-1/3,"May Fabric Bed(Farmhouse Cream,King) - HEADBOARD",25,
,,,1,B1020K-2/3,"May Fabric Bed(Farmhouse Cream,King) - SIDE RAILS",25,
,,,1,B1020K-3/3,"May Fabric Bed(Farmhouse Cream,King) - FOOTBOARD + SLATS",25,
B1020Q,"May Fabric Bed(Farmhouse Cream,Queen)",25
,,,1,B1020Q-1/3,"May Fabric Bed(Farmhouse Cream,Queen) - HEADBOARD",25,
,,,1,B1020Q-2/3,"May Fabric Bed(Farmhouse Cream,Queen) - SIDE RAILS",25,
,,,1,B1020Q-3/3,"May Fabric Bed(Farmhouse Cream,Queen) - FOOTBOARD + SLATS",25,
B1021K,"Maple Fabric Bed(Light Grey,King)",27
,,,1,B1021K-1/3,"Maple Fabric Bed(Light Grey,King) - HEADBOARD",27,
,,,1,B1021K-2/3,"Maple Fabric Bed(Light Grey,King) - SIDE RAILS",27,
,,,1,B1021K-3/3,"Maple Fabric Bed(Light Grey,King) - FOOTBOARD+SLATS",27,
B1021Q,"Maple Fabric Bed(Light Grey,Queen)",17
,,,1,B1021Q-1/3,"Maple Fabric Bed(Light Grey,Queen) - HEADBOARD",17,
,,,1,B1021Q-2/3,"Maple Fabric Bed(Light Grey,Queen) - SIDE RAILS",19,
,,,1,B1021Q-3/3,"Maple Fabric Bed(Light Grey,Queen) - FOOTBOARD+SLATS",17,
B1022K,MAPLE - Dark Blue Fabric Bed - King,2
,,,1,B1022K-1/3,"Maple Fabric Bed(Dark Blue,King) - HEADBOARD",3,
,,,1,B1022K-2/3,"Maple Fabric Bed(Dark Blue,King) - SIDE RAILS",3,
,,,1,B1022K-3/3,"Maple Fabric Bed(Dark Blue,King) - FOOTBOARD+SLATS",2,
B1022Q,MAPLE - Dark Blue Fabric Bed - Queen,5
,,,1,B1022Q-1/3,"Maple Fabric Bed(Dark Blue,Queen) - HEADBOARD",6,
,,,1,B1022Q-2/3,"Maple Fabric Bed(Dark Blue,Queen) - SIDE RAILS",5,
,,,1,B1022Q-3/3,"Maple Fabric Bed(Dark Blue,Queen) - FOOTBOARD+SLATS",5,
B1023K,MARIA - Light Grey Fabric Bed - King,12
,,,1,B1023K-1/2,"Maria Fabric Bed(Light Grey,King) - HEADBOARD + FOOTBOARD",12,
,,,1,B1023K-2/2,"Maria Fabric Bed(Light Grey,King) - SIDE RAILS",12,
B1023Q,MARIA - Light Grey Fabric Bed - Queen,6
,,,1,B1023Q-1/2,"Maria Fabric Bed(Light Grey,Queen) - HEADBOARD + FOOTBOARD",15,
,,,1,B1023Q-2/2,"Maria Fabric Bed(Light Grey,Queen) - SIDE RAILS",6,
B1025K,"Clara Fabric Bed(Light Grey,King)",25
,,,1,B1025K-1/3,"Clara Fabric Bed(Light Grey,King) - HEADBOARD",25,
,,,1,B1025K-2/3,"Clara Fabric Bed(Light Grey,King) - SIDE RAILS",30,
,,,1,B1025K-3/3,"Clara Fabric Bed(Light Grey,King) - FOOTBOARD + SLATS",29,
B1025Q,CLARA - Light Grey Fabric Bed - Queen,6
,,,1,B1025Q-1/3,"Clara Fabric Bed(Light Grey,Queen) - HEADBOARD",6,
,,,1,B1025Q-2/3,"Clara Fabric Bed(Light Grey,Queen) - SIDE RAILS",10,
,,,1,B1025Q-3/3,"Clara Fabric Bed(Light Grey,Queen) - FOOTBOARD + SLATS",11,
B1026K,CLARA - Dark Grey Fabric Bed - King,2
,,,1,B1026K-1/3,"Clara Fabric Bed(Dark Grey,King) - HEADBOARD",2,
,,,1,B1026K-2/3,"Clara Fabric Bed(Dark Grey,King) - SIDE RAILS",3,
,,,1,B1026K-3/3,"Clara Fabric Bed(Dark Grey,King) - FOOTBOARD + SLATS",3,
B1026Q,CLARA - Dark Grey Fabric Bed - Queen,
,,,1,B1026Q-1/3,"Clara Fabric Bed(Dark Grey,Queen) - HEADBOARD",1,
,,,1,B1026Q-2/3,"Clara Fabric Bed(Dark Grey,Queen) - SIDE RAILS",1,
,,,1,B1026Q-3/3,"Clara Fabric Bed(Dark Grey,Queen) - FOOTBOARD + SLATS",0,
B1027K,CLARA - Dark Blue Fabric Bed - King,
,,,1,B1027K-1/3,"Clara Fabric Bed(Dark Blue,King) - HEADBOARD",0,
,,,1,B1027K-2/3,"Clara Fabric Bed(Dark Blue,King) - SIDE RAILS",0,
,,,1,B1027K-3/3,"Clara Fabric Bed(Dark Blue,King) - FOOTBOARD + SLATS",0,
B1027Q,CLARA - Dark Blue Fabric Bed - Queen,19
,,,1,B1027Q-1/3,"Clara Fabric Bed(Dark Blue,Queen) - HEADBOARD",19,
,,,1,B1027Q-2/3,"Clara Fabric Bed(Dark Blue,Queen) - SIDE RAILS",19,
,,,1,B1027Q-3/3,"Clara Fabric Bed(Dark Blue,Queen) - FOOTBOARD + SLATS",23,
B1030K,MACY - Blue Velvet Bed with Storage - King Size - King,3
,,,1,B1030K-1/4,"Macy Fabric Bed with Storage(Velvet Blue,King) - HEADBOARD",3,
,,,1,B1030K-2/4,"Macy Fabric Bed with Storage(Velvet Blue,King) - SIDE RAILS+SLATS",3,
,,,1,B1030K-3/4,"Macy Fabric Bed with Storage(Velvet Blue,King) - FOOTBOARD",3,
,,,1,B1030K-4/4,"Macy Fabric Bed with Storage(Velvet Blue,King) - DRAWERS",3,
B1030Q,MACY - Blue Velvet Bed with Storage - Queen Size - Queen,1
,,,1,B1030Q-1/4,"Macy Fabric Bed with Storage(Velvet Blue,Queen) - HEADBOARD",2,
,,,1,B1030Q-2/4,"Macy Fabric Bed with Storage(Velvet Blue,Queen) - SIDE RAILS+SLATS",2,
,,,1,B1030Q-3/4,"Macy Fabric Bed with Storage(Velvet Blue,Queen) - FOOTBOARD",2,
,,,1,B1030Q-4/4,"Macy Fabric Bed with Storage(Velvet Blue,Queen) - DRAWERS",1,
B1031K,MEREDITH - Dark Grey Fabric Bed - King,9
,,,1,B1031K-1/3,"Meredith Fabric Bed(Dark Grey,King) - HEADBOARD",10,
,,,1,B1031K-2/3,"Meredith Fabric Bed(Dark Grey,King) - FOOTBOARD",9,
,,,1,B1031K-3/3,"Meredith Fabric Bed(Dark Grey,King) - SIDE RAILS",9,
B1031Q,MEREDITH - Dark Grey Fabric Bed - Queen,23
,,,1,B1031Q-1/3,"Meredith Fabric Bed(Dark Grey,Queen) - HEADBOARD",23,
,,,1,B1031Q-2/3,"Meredith Fabric Bed(Dark Grey,Queen) - FOOTBOARD",24,
,,,1,B1031Q-3/3,"Meredith Fabric Bed(Dark Grey,Queen) - SIDE RAILS",25,
B1032K,MEREDITH - Dark Blue Velvet Bed - King,14
,,,1,B1032K-1/3,"Meredith Fabric Bed(Velvet Dark Blue,King) - HEADBOARD",14,
,,,1,B1032K-2/3,"Meredith Fabric Bed(Velvet Dark Blue,King) - FOOTBOARD",15,
,,,1,B1032K-3/3,"Meredith Fabric Bed(Velvet Dark Blue,King) - SIDE RAILS",16,
B1032Q,MEREDITH - Dark Blue Velvet Bed - Queen,2
,,,1,B1032Q-1/3,"Meredith Fabric Bed(Velvet Dark Blue,Queen) - HEADBOARD",2,
,,,1,B1032Q-2/3,"Meredith Fabric Bed(Velvet Dark Blue,Queen) - FOOTBOARD",4,
,,,1,B1032Q-3/3,"Meredith Fabric Bed(Velvet Dark Blue,Queen) - SIDE RAILS",2,
B1033K,MEREDITH - Pink Velvet Bed - King,23
,,,1,B1033K-1/3,"Meredith Fabric Bed(Velvet Pink,King) - HEADBOARD",23,
,,,1,B1033K-2/3,"Meredith Fabric Bed(Velvet Pink,King) - FOOTBOARD",23,
,,,1,B1033K-3/3,"Meredith Fabric Bed(Velvet Pink,King) - SIDE RAILS",26,
B1033Q,MEREDITH - Pink Velvet Bed - Queen,17
,,,1,B1033Q-1/3,"Meredith Fabric Bed(Velvet Pink,Queen) - HEADBOARD",18,
,,,1,B1033Q-2/3,"Meredith Fabric Bed(Velvet Pink,Queen) - FOOTBOARD",18,
,,,1,B1033Q-3/3,"Meredith Fabric Bed(Velvet Pink,Queen) - SIDE RAILS",17,
B1036K,PALMA - Acacia Bed - King,6
,,,1,B1036K-1/2,PALMA Acacia Bed(King) - HEADBOARD + FOOTBOARD + MATTRESS SLATS + CENTRE SUPPORT LEGS + METAL LEGS,6,
,,,1,B1036K-2/2,PALMA Acacia Bed(King) - SIDE RAILS+CENTER SUPPORT,7,
B1036Q,PALMA - Acacia Bed - Queen,
,,,1,B1036Q-1/2,PALMA Acacia Bed(Queen) - HEADBOARD + FOOTBOARD + MATTRESS SLATS + CENTRE SUPPORT LEGS + METAL LEGS,0,
,,,1,B1036Q-2/2,PALMA Acacia Bed(Queen) - SIDE RAILS+CENTER SUPPORT,1,
B1037K,ARIA - Acacia Bed - King,12
,,,1,B1037K-1/2,ARIA Acacia Bed(King) - HEADBOARD + FOOTBOARD + MATTRESS SLATS + CENTRE SUPPORT LEGS + METAL LEGS,12,
,,,1,B1037K-2/2,ARIA Acacia Bed(King) - SIDE RAILS+CENTER SUPPORT,13,
B1037Q,ARIA - Acacia Bed - Queen,5
,,,1,B1037Q-1/2,ARIA Acacia Bed(Queen) - HEADBOARD + FOOTBOARD + MATTRESS SLATS + CENTRE SUPPORT LEGS + METAL LEGS,5,
,,,1,B1037Q-2/2,ARIA Acacia Bed(Queen) - SIDE RAILS+CENTER SUPPORT,5,
B1038K,MADRID - Acacia Bed - King,2
,,,1,B1038K-1/2,MADRID Acacia Bed(King) - HEADBOARD + FOOTBOARD + MATTRESS SLATS + CENTRE SUPPORT LEGS + METAL LEGS,2,
,,,1,B1038K-2/2,MADRID Acacia Bed(King) - SIDE RAILS+CENTER SUPPORT,3,
B1038Q,MADRID - Acacia Bed - Queen,20
,,,1,B1038Q-1/2,MADRID Acacia Bed(Queen) - HEADBOARD + FOOTBOARD + MATTRESS SLATS + CENTRE SUPPORT LEGS + METAL LEGS,20,
,,,1,B1038Q-2/2,MADRID Acacia Bed(Queen) - SIDE RAILS+CENTER SUPPORT,21,
B1039K,MAURA - Mango Wood Bed - King,9
,,,1,B1039K-1/2,MAURA Mango Bed(King) - HEADBOARD + FOOTBOARD + MATTRESS SLATS + CENTRE SUPPORT LEGS + METAL LEGS,9,
,,,1,B1039K-2/2,MAURA Mango Bed(King) - SIDE RAILS+CENTER SUPPORT,11,
B1039Q,MAURA - Mango Wood Bed - Queen,1
,,,1,B1039Q-1/2,MAURA Mango Bed(Queen) - HEADBOARD + FOOTBOARD + MATTRESS SLATS + CENTRE SUPPORT LEGS + METAL LEGS,4,
,,,1,B1039Q-2/2,MAURA Mango Bed(Queen) - SIDE RAILS+CENTER SUPPORT,1,
B1040K,ZOEY - Rosewood Platform Bed - King,4
,,,1,B1040K-1/2,ZOEY Rosewood Platform Bed(King) - TBD,5,
,,,1,B1040K-2/2,ZOEY Rosewood Platform Bed(King) - TBD,4,
B1040Q,ZOEY - Rosewood Platform Bed - Queen,
,,,1,B1040Q-1/2,ZOEY Rosewood Platform Bed(Queen) - TBD,0,
,,,1,B1040Q-2/2,ZOEY Rosewood Platform Bed(Queen) - TBD,0,
B1041K,LINA - Grey Leather Bed - King,15
,,,1,B1041K-1/3,"Lina Leather Bed (Grey,King) - HEADBOARD + FOOTBOARD",15,
,,,1,B1041K-2/3,"Lina Leather Bed (Grey,King) - SIDE RAILS",15,
,,,1,B1041K-3/3,"Lina Leather Bed (Grey,King) - SLATS+ FOOT",15,
B1041Q,LINA - Grey Leather Bed - Queen,16
,,,1,B1041Q-1/3,"Lina Leather Bed (Grey,Queen) - HEADBOARD + FOOTBOARD",16,
,,,1,B1041Q-2/3,"Lina Leather Bed (Grey,Queen) - SIDE RAILS",16,
,,,1,B1041Q-3/3,"Lina Leather Bed (Grey,Queen) - SLATS+ FOOT",16,
B1042K,KUDROW - Grey Fabric Bed with Storage - King,7
,,,1,B1042K-1/3,"Kudrow Fabric Bed with Storage(Grey,King) - HEADBOARD + DRAWERS",7,
,,,1,B1042K-2/3,"Kudrow Fabric Bed with Storage(Grey,King) - SIDE RAILS",7,
,,,1,B1042K-3/3,"Kudrow Fabric Bed with Storage(Grey,King) - FOOTBOARD+DRAWERS+FOOT",7,
B1042Q,KUDROW - Grey Fabric Bed with Storage - Queen,6
,,,1,B1042Q-1/3,"Kudrow Fabric Bed with Storage(Grey,Queen) - HEADBOARD + DRAWERS",6,
,,,1,B1042Q-2/3,"Kudrow Fabric Bed with Storage(Grey,Queen) - SIDE RAILS",6,
,,,1,B1042Q-3/3,"Kudrow Fabric Bed with Storage(Grey,Queen) - FOOTBOARD+DRAWERS+FOOT",6,
B1043K,KASIDY - Grey Fabric Bed - King,19
,,,1,B1043K-1/3,"Kasidy Velvet Bed(Dark Grey,King) - HEADBOARD",19,
,,,1,B1043K-2/3,"Kasidy Velvet Bed(Dark Grey,King) - SIDE RAILS",19,
,,,1,B1043K-3/3,"Kasidy Velvet Bed(Dark Grey,King) - FOOTBOARD+SLATS",19,
B1043Q,KASIDY - Grey Fabric Bed - Queen,17
,,,1,B1043Q-1/3,"Kasidy Velvet Bed(Dark Grey,Queen) - HEADBOARD",17,
,,,1,B1043Q-2/3,"Kasidy Velvet Bed(Dark Grey,Queen) - SIDE RAILS",17,
,,,1,B1043Q-3/3,"Kasidy Velvet Bed(Dark Grey,Queen) - FOOTBOARD+SLATS",17,
B1044K,KASIDY - Yellow Fabric Bed - King,9
,,,1,B1044K-1/3,"Kasidy Fabric Bed(Yellow,King) - HEADBOARD",9,
,,,1,B1044K-2/3,"Kasidy Fabric Bed(Yellow,King) - FOOTBOARD",9,
,,,1,B1044K-3/3,"Kasidy Fabric Bed(Yellow,King) - SIDE RAILS",9,
B1044Q,KASIDY - Yellow Fabric Bed - Queen,13
,,,1,B1044Q-1/3,"Kasidy Fabric Bed(Yellow,Queen) - HEADBOARD",13,
,,,1,B1044Q-2/3,"Kasidy Fabric Bed(Yellow,Queen) - FOOTBOARD+SLATS",13,
,,,1,B1044Q-3/3,"Kasidy Fabric Bed(Yellow,Queen) - SIDE RAILS",13,
B1045K,Amara - Grey Fabric Bed with Storage - King,
,,,1,B1045K-1/3,"Amara Fabric Bed(Grey,King) - HEADBOARD + DRAWERS",0,
,,,1,B1045K-2/3,"Amara Fabric Bed(Grey,King) - SIDE RAILS",0,
,,,1,B1045K-3/3,"Amara Fabric Bed(Grey,King) - FOOTBOARD + DRAWERS+FOOT",0,
B1045Q,Amara - Grey Fabric Bed with Storage - Queen,2
,,,1,B1045Q-1/3,"Amara Fabric Bed(Grey,Queen) - HEADBOARD + DRAWERS",2,
,,,1,B1045Q-2/3,"Amara Fabric Bed(Grey,Queen) - SIDE RAILS",3,
,,,1,B1045Q-3/3,"Amara Fabric Bed(Grey,Queen) - FOOTBOARD + DRAWERS+FOOT",2,
B1049K,BROOKLYN - Platform Bed - King,10
,,,1,B1049K-1/4,Brooklyn Platform Bed(King) - HEADBOARD,10,
,,,1,B1049K-2/4,Brooklyn Platform Bed(King) - SIDE RAILS,11,
,,,1,B1049K-3/4,Brooklyn Platform Bed(King) - FOOTBOARD,11,
,,,1,B1049K-4/4,Brooklyn Platform Bed(King) - DRAWERS,10,
B1049Q,BROOKLYN - Platform Bed - Queen,7
,,,1,B1049Q-1/4,Brooklyn Platform Bed(Queen) - HEADBOARD,7,
,,,1,B1049Q-2/4,Brooklyn Platform Bed(Queen) - SIDE RAILS,7,
,,,1,B1049Q-3/4,Brooklyn Platform Bed(Queen) - FOOTBOARD,7,
,,,1,B1049Q-4/4,Brooklyn Platform Bed(Queen) - DRAWERS,7,
B1050K,MACY - Pink Velvet Bed with Storage- King Size - KING,11
,,,1,B1050K-1/4,"Macy Fabric Bed with Storage(Velvet Pink,King) - HEADBOARD",12,
,,,1,B1050K-2/4,"Macy Fabric Bed with Storage(Velvet Pink,King) - SIDE RAILS+SLATS",11,
,,,1,B1050K-3/4,"Macy Fabric Bed with Storage(Velvet Pink,King) - FOOTBOARD",13,
,,,1,B1050K-4/4,"Macy Fabric Bed with Storage(Velvet Pink,King) - DRAWERS",12,
B1050Q,MACY - Pink Velvet Bed with Storage- Queen Size - QUEEN,1
,,,1,B1050Q-1/4,"Macy Fabric Bed with Storage(Velvet Pink,Queen) - HEADBOARD",2,
,,,1,B1050Q-2/4,"Macy Fabric Bed with Storage(Velvet Pink,Queen) - SIDE RAILS+SLATS",1,
,,,1,B1050Q-3/4,"Macy Fabric Bed with Storage(Velvet Pink,Queen) - FOOTBOARD",2,
,,,1,B1050Q-4/4,"Macy Fabric Bed with Storage(Velvet Pink,Queen) - DRAWERS",1,
B1051K,MACY - Grey Velvet Bed with Storage - King Size - KING,11
,,,1,B1051K-1/4,"Macy Fabric Bed with Storage(Velvet Grey,King) - HEADBOARD",12,
,,,1,B1051K-2/4,"Macy Fabric Bed with Storage(Velvet Grey,King) - SIDE RAILS+SLATS",11,
,,,1,B1051K-3/4,"Macy Fabric Bed with Storage(Velvet Grey,King) - FOOTBOARD",11,
,,,1,B1051K-4/4,"Macy Fabric Bed with Storage(Velvet Grey,King) - DRAWERS",12,
B1051Q,MACY - Grey Velvet Bed with Storage - Queen Size - QUEEN,1
,,,1,B1051Q-1/4,"Macy Fabric Bed with Storage(Velvet Grey,Queen) - HEADBOARD",2,
,,,1,B1051Q-2/4,"Macy Fabric Bed with Storage(Velvet Grey,Queen) - SIDE RAILS+SLATS",1,
,,,1,B1051Q-3/4,"Macy Fabric Bed with Storage(Velvet Grey,Queen) - FOOTBOARD",2,
,,,1,B1051Q-4/4,"Macy Fabric Bed with Storage(Velvet Grey,Queen) - DRAWERS",2,
B1052K,"Macy Fabric Bed with Storage(Velvet Beige,King)",44
,,,1,B1052K-1/4,"Macy Fabric Bed with Storage(Velvet Beige,King) - HEADBOARD",44,
,,,1,B1052K-2/4,"Macy Fabric Bed with Storage(Velvet Beige,King) - SIDE RAILS+SLATS",44,
,,,1,B1052K-3/4,"Macy Fabric Bed with Storage(Velvet Beige,King) - FOOTBOARD",44,
,,,1,B1052K-4/4,"Macy Fabric Bed with Storage(Velvet Beige,King) - DRAWERS",44,
B1052Q,"Macy Fabric Bed with Storage(Velvet Beige,Queen)",44
,,,1,B1052Q-1/4,"Macy Fabric Bed with Storage(Velvet Beige,Queen) - HEADBOARD",44,
,,,1,B1052Q-2/4,"Macy Fabric Bed with Storage(Velvet Beige,Queen) - SIDE RAILS+SLATS",44,
,,,1,B1052Q-3/4,"Macy Fabric Bed with Storage(Velvet Beige,Queen) - FOOTBOARD",44,
,,,1,B1052Q-4/4,"Macy Fabric Bed with Storage(Velvet Beige,Queen) - DRAWERS",44,
B1053K,MEREDITH - Beige Velvet Fabric Bed with Storage - King,43
,,,1,B1053K-1/3,"Meredith Fabric Bed(Velvet Beige,King) - HEADBOARD",43,
,,,1,B1053K-2/3,"Meredith Fabric Bed(Velvet Beige,King) - FOOTBOARD",43,
,,,1,B1053K-3/3,"Meredith Fabric Bed(Velvet Beige,King) - SIDE RAILS",43,
B1053Q,MEREDITH - Beige Velvet Fabric Bed with Storage - Queen,43
,,,1,B1053Q-1/3,"Meredith Fabric Bed(Velvet Beige,Queen) - HEADBOARD",43,
,,,1,B1053Q-2/3,"Meredith Fabric Bed(Velvet Beige,Queen) - FOOTBOARD",43,
,,,1,B1053Q-3/3,"Meredith Fabric Bed(Velvet Beige,Queen) - SIDE RAILS",43,
B1058K,ZAYA Mango Bed (King),
,,,1,B1058K-1/3,ZAYA Mango Bed (King) - HEADBOARD,0,
,,,1,B1058K-2/3,ZAYA Mango Bed (King) - SIDERAILS + LEGS,0,
,,,1,B1058K-3/3,ZAYA Mango Bed (King) - SLATS,0,
B1058Q,ZAYA Mango Bed (Queen),
,,,1,B1058Q-1/3,ZAYA Mango Bed (Queen) - Headboard,0,
,,,1,B1058Q-2/3,"ZAYA Mango Bed (Queen) - Siderails, Legs",0,
,,,1,B1058Q-3/3,ZAYA Mango Bed (Queen) - Slats,0,
B1059K,WAIMEA Acacia Bed (King),
,,,1,B1059K-1/2,"WAIMEA Acacia Bed (King)-HEADBOARD, SLATS, LEGS",0,"WAIMEA Acacia Bed (King)-HEADBOARD, SLATS, LEGS"
,,,1,B1059K-2/2,"WAIMEA Acacia Bed (King)-SIDERAIL, CENTER SUPPORT, LEG SUPPORT",0,"WAIMEA Acacia Bed (King)-SIDERAIL, CENTER SUPPORT, LEG SUPPORT"
B1059Q,WAIMEA Acacia Bed (Queen),
,,,1,B1059Q-1/2,"WAIMEA Acacia Bed (Queen)-HEADBOARD, SLATS, LEGS",0,"WAIMEA Acacia Bed (Queen)-HEADBOARD, SLATS, LEGS"
,,,1,B1059Q-2/2,"WAIMEA Acacia Bed (Queen)-SIDERAIL, CENTER SUPPORT, LEG SUPPORT",0,"WAIMEA Acacia Bed (Queen)-SIDERAIL, CENTER SUPPORT, LEG SUPPORT"
B1060K,"ANNISTON Fabric Bed with Storage(Dark Blue,King)",
,,,1,B1060K-1/4,"ANNISTON Fabric Bed with Storage(Dark Blue,King) - HEADBOARD",0,"ANNISTON Fabric Bed with Storage(Dark Blue,King) - HEADBOARD"
,,,1,B1060K-2/4,"ANNISTON Fabric Bed with Storage(Dark Blue,King) - SIDE RAILS",0,"ANNISTON Fabric Bed with Storage(Dark Blue,King) - SIDE RAILS"
,,,1,B1060K-3/4,"ANNISTON Fabric Bed with Storage(Dark Blue,King) - FOOTBOARD+SLATS",0,"ANNISTON Fabric Bed with Storage(Dark Blue,King) - FOOTBOARD+SLATS"
,,,1,B1060K-4/4,"ANNISTON Fabric Bed with Storage(Dark Blue,King) - DRAWERS",0,"ANNISTON Fabric Bed with Storage(Dark Blue,King) - DRAWERS"
B1060Q,"ANNISTON Fabric Bed with Storage(Dark Blue,Queen)",
,,,1,B1060Q-1/4,"ANNISTON Fabric Bed with Storage(Dark Blue,Queen) - HEADBOARD",0,"ANNISTON Fabric Bed with Storage(Dark Blue,Queen) - HEADBOARD"
,,,1,B1060Q-2/4,"ANNISTON Fabric Bed with Storage(Dark Blue,Queen) - SIDE RAILS",0,"ANNISTON Fabric Bed with Storage(Dark Blue,Queen) - SIDE RAILS"
,,,1,B1060Q-3/4,"ANNISTON Fabric Bed with Storage(Dark Blue,Queen) - FOOTBOARD+SLATS",0,"ANNISTON Fabric Bed with Storage(Dark Blue,Queen) - FOOTBOARD+SLATS"
,,,1,B1060Q-4/4,"ANNISTON Fabric Bed with Storage(Dark Blue,Queen) - DRAWERS",0,"ANNISTON Fabric Bed with Storage(Dark Blue,Queen) - DRAWERS"
B1061K,"ANNISTON Fabric Bed with Storage( Rose Pink,King)",
,,,1,B1061K-1/4,"ANNISTON Fabric Bed with Storage( Rose Pink,King) - HEADBOARD",0,"ANNISTON Fabric Bed with Storage( Rose Pink,King) - HEADBOARD"
,,,1,B1061K-2/4,"ANNISTON Fabric Bed with Storage( Rose Pink,King) -SIDE RAILS",0,"ANNISTON Fabric Bed with Storage( Rose Pink,King) -SIDE RAILS"
,,,1,B1061K-3/4,"ANNISTON Fabric Bed with Storage( Rose Pink,King) - FOOTBOARD+SLATS",0,"ANNISTON Fabric Bed with Storage( Rose Pink,King) - FOOTBOARD+SLATS"
,,,1,B1061K-4/4,"ANNISTON Fabric Bed with Storage( Rose Pink,King) - DRAWERS",0,"ANNISTON Fabric Bed with Storage( Rose Pink,King) - DRAWERS"
B1061Q,"ANNISTON Fabric Bed with Storage( Rose Pink,Queen)",
,,,1,B1061Q-1/4,"ANNISTON Fabric Bed with Storage( Rose Pink,Queen) - HEADBOARD",0,"ANNISTON Fabric Bed with Storage( Rose Pink,Queen) - HEADBOARD"
,,,1,B1061Q-2/4,"ANNISTON Fabric Bed with Storage( Rose Pink,Queen) - SIDE RAILS",0,"ANNISTON Fabric Bed with Storage( Rose Pink,Queen) - SIDE RAILS"
,,,1,B1061Q-3/4,"ANNISTON Fabric Bed with Storage( Rose Pink,Queen) - FOOTBOARD+SLATS",0,"ANNISTON Fabric Bed with Storage( Rose Pink,Queen) - FOOTBOARD+SLATS"
,,,1,B1061Q-4/4,"ANNISTON Fabric Bed with Storage( Rose Pink,Queen) - DRAWERS",0,"ANNISTON Fabric Bed with Storage( Rose Pink,Queen) - DRAWERS"
S1037,FONDA - Grey Fabric Sectional Sofa - Left,3
,,,1,S1037-1/2,"FONDA Fabric Sectional Sofa(Fabric Grey,Left) - Box 1",4,
,,,1,S1037-2/2,"FONDA Fabric Sectional Sofa(Fabric Grey,Left) - Box 2",3,
S1038,FONDA - Grey Fabric Sectional Sofa - Right,8
,,,1,S1038-1/2,"FONDA Fabric Sectional Sofa(Fabric Grey,Right) - Box 1",8,
,,,1,S1038-2/2,"FONDA Fabric Sectional Sofa(Fabric Grey,Right) - Box 2",9,
S1052,BRYCE - Grey Interchangeable Sectional Sofa,18
,,,1,S1052-1/2,Bryce Fabric Sectional Sofa(Grey) - Box 1,21,
,,,1,S1052-2/2,Bryce Fabric Sectional Sofa(Grey) - Box 2,18,
S1066,MASON Modular Set (Grey - 5 piece),8
,,,3,S1057,MASON - Grey Fabric Armless Chair Module,25,
,,,2,S1058,MASON - Grey Fabric Corner Module,32,
S1067,MASON Modular Set (Grey - 4 piece),12
,,,2,S1057,MASON - Grey Fabric Armless Chair Module,25,
,,,2,S1058,MASON - Grey Fabric Corner Module,32,
S1068,MASON - Cream Modular Set (5 piece),3
,,,3,S1060,MASON - Cream Fabric Armless Chair Module,11,
,,,2,S1061,MASON - Cream Fabric Corner Module,9,
S1069,MASON - Cream Modular Set (4 piece),4
,,,2,S1060,MASON - Cream Fabric Armless Chair Module,11,
,,,2,S1061,MASON - Cream Fabric Corner Module,9,
S1070,MASON Modular Set (White - 3 piece),4
,,,1,S1060,MASON - Cream Fabric Armless Chair Module,11,Mason Armless Chair (White)
,,,2,S1061,MASON - Cream Fabric Corner Module,9,MASON Corner Module(White)
S1071,MASON Modular Set (Grey - 3 piece),16
,,,1,S1057,MASON - Grey Fabric Armless Chair Module,25,MASON Armless Chair Module(Grey)
,,,2,S1058,MASON - Grey Fabric Corner Module,32,MASON Corner Module(Grey)
S1079,MASON Fabric Modular Set (Velvet Blue - 5 piece),
,,,2,S1076,MASON Fabric Corner Chair Module(Velvet Blue),0,MASON Fabric Corner Chair Module(Velvet Blue)
,,,3,S1077,MASON Fabric Armless Chair Module(Velvet Blue),0,MASON Fabric Armless Chair Module(Velvet Blue)
S1080,MASON Fabric Modular Set (Velvet Blue - 4 piece),
,,,2,S1076,MASON Fabric Corner Chair Module(Velvet Blue),0,MASON Fabric Corner Chair Module(Velvet Blue)
,,,2,S1077,MASON Fabric Armless Chair Module(Velvet Blue),0,MASON Fabric Armless Chair Module(Velvet Blue)
S1081,MASON Fabric Modular Set (Velvet Blue - 3 piece),
,,,2,S1076,MASON Fabric Corner Chair Module(Velvet Blue),0,MASON Fabric Corner Chair Module(Velvet Blue)
,,,1,S1077,MASON Fabric Armless Chair Module(Velvet Blue),0,MASON Fabric Armless Chair Module(Velvet Blue)
S1085,MASON Fabric Modular Set (Dark Grey - 5 piece),3
,,,2,S1082,MASON Fabric Corner Chair Module(Dark Grey),11,MASON Fabric Corner Chair Module(Dark Grey)
,,,3,S1083,MASON Fabric Armless Chair Module(Dark Grey),11,MASON Fabric Armless Chair Module(Dark Grey)
S1086,MASON Fabric Modular Set (Dark Grey - 4 piece),5
,,,2,S1082,MASON Fabric Corner Chair Module(Dark Grey),11,MASON Fabric Corner Chair Module(Dark Grey)
,,,2,S1083,MASON Fabric Armless Chair Module(Dark Grey),11,MASON Fabric Armless Chair Module(Dark Grey)
S1087,MASON Fabric Modular Set (Dark Grey - 3 piece),5
,,,2,S1082,MASON Fabric Corner Chair Module(Dark Grey),11,MASON Fabric Corner Chair Module(Dark Grey)
,,,1,S1083,MASON Fabric Armless Chair Module(Dark Grey),11,MASON Fabric Armless Chair Module(Dark Grey)
S1120,"FONDA Fabric Sectional Sofa(Velvet Blue,Left)",
,,,1,S1120-1/2,"FONDA Fabric Sectional Sofa(Velvet Blue,Left) - TWO SEATER",0,
,,,1,S1120-2/2,"FONDA Fabric Sectional Sofa(Velvet Blue,Left)- CHAISE LOUNGE",0,
S1121,"FONDA Fabric Sectional Sofa(Velvet Blue,Right)",
,,,1,S1121-1/2,"FONDA Fabric Sectional Sofa(Velvet Blue,Right) - TWO SEATER",0,
,,,1,S1121-2/2,"FONDA Fabric Sectional Sofa(Velvet Blue,Right)- CHAISE LOUNGE",0,
T0003,Acacia Live Edge Wood Table with Chrome X Legs/Natural Color - 180cm,43
,,,1,X2001,"Acacia Live Edge Dining Table Top(180cm,Natural)",78,
,,,2,Y2002,X Dining Table Leg Chrome,43.5,
T0034,Acacia Live Edge Wood Bench with Black X-shaped Legs/Natural Color - 145cm,117
,,,1,X1100,"Acacia Live Edge Bench Top(145cm,Natural)",117,
,,,2,Y1011,X Bench Leg Black,150,
T0036,Acacia Natural Wood Live Edge Table with Black U-Shaped Legs/Natural Color - 180cm,78
,,,1,X2001,"Acacia Live Edge Dining Table Top(180cm,Natural)",78,
,,,2,Y2001,U Dining Table Leg Black,182.5,
T0044,Straight Cut Acacia Wood Table with Chrome X-Shaped Legs/Natural Colour - 240cm,20
,,,1,X2004,"Acacia Straight Table Top(240cm,Natural)",20,
,,,2,Y2002,X Dining Table Leg Chrome,43.5,
T0056,Acacia Live Edge Bench with Black U Shaped Legs/Natural Color - 145cm,35
,,,1,X1100,"Acacia Live Edge Bench Top(145cm,Natural)",117,
,,,2,Y1013,U Bench Leg Black,35,
T0057,Acacia Live Edge Bench with Black U Shaped Legs/Natural Color - 205cm,21
,,,1,X1138,"Acacia Live Edge Bench Top(205cm,Natural)",21,
,,,2,Y1013,U Bench Leg Black,35,
T0067,Acacia Live Edge Wood Table with Chrome X Legs/Natural Color - 240cm,43
,,,1,X2002,"Acacia Live Edge Table Top(240cm,Natural)",73,
,,,2,Y2002,X Dining Table Leg Chrome,43.5,
T0633,Straight Cut Acacia Wood Table with Black U-Shaped Legs/Natural Colour - 180cm (6ft),15
,,,1,X2003,"Acacia Straight Table Top(180cm,Natural)",15,
,,,2,Y2001,U Dining Table Leg Black,182.5,
T0634,Straight Cut Acacia Wood Table with Chrome X-Shaped Legs/Natural Colour - 180cm,15
,,,1,X2003,"Acacia Straight Table Top(180cm,Natural)",15,
,,,2,Y2002,X Dining Table Leg Chrome,43.5,
T0635,Straight Cut Acacia Dining Table With Black X-Shaped Legs/Natural Color - 180cm (6 ft),15
,,,1,X2003,"Acacia Straight Table Top(180cm,Natural)",15,
,,,2,Y2003,X Dining Table Leg Black,274.5,
T0636,Acacia Live Edge Dining Table with Black X Shaped Legs/Natural Color - 180cm,78
,,,1,X2001,"Acacia Live Edge Dining Table Top(180cm,Natural)",78,
,,,2,Y2003,X Dining Table Leg Black,274.5,
T0637,Straight Cut Acacia Wood Table with Black U-Shaped Legs/Natural Colour - 240cm (8ft),20
,,,1,X2004,"Acacia Straight Table Top(240cm,Natural)",20,
,,,2,Y2001,U Dining Table Leg Black,182.5,
T0638,Straight Cut Acacia Dining Table With Black X-Shaped Legs/Natural Color - 240cm (8 ft),20
,,,1,X2004,"Acacia Straight Table Top(240cm,Natural)",20,
,,,2,Y2003,X Dining Table Leg Black,274.5,
T0639,TEST - Acacia Live Edge Dining Table with Black X Shaped Legs/Natural Color - 240cm,73
,,,1,X2002,"Acacia Live Edge Table Top(240cm,Natural)",73,
,,,2,Y2003,X Dining Table Leg Black,274.5,
T0800,Acacia Live Edge Wood Bench with Chrome X-shaped Legs/Natural Finish - 145cm,11
,,,1,X1100,"Acacia Live Edge Bench Top(145cm,Natural)",117,
,,,2,Y1012,X Bench Leg Chrome,11.5,
T0801,Acacia Live Edge Wood Bench with Chrome X-shaped Legs/Natural Finish - 205cm,11
,,,1,X1138,"Acacia Live Edge Bench Top(205cm,Natural)",21,
,,,2,Y1012,X Bench Leg Chrome,11.5,
T0803,Acacia Live Edge Wood Table with Chrome X Legs/Natural Color - 210cm,43
,,,1,X2010,"Acacia Live Edge Table Top(210cm,Natural)",96,
,,,2,Y2002,X Dining Table Leg Chrome,43.5,
T1003,Acacia Natural Wood Live Edge Table with Black U-Shaped Legs/Natural Color - 240cm,73
,,,1,X2002,"Acacia Live Edge Table Top(240cm,Natural)",73,
,,,2,Y2001,U Dining Table Leg Black,182.5,
T1008,Acacia Live Edge Wood Bench with Chrome U-shaped Legs/Natural Finish - 145cm,27
,,,1,X1100,"Acacia Live Edge Bench Top(145cm,Natural)",117,
,,,2,Y1016,U Bench Leg Chrome,27,
T1523,TULIP - Marble Dining Table (74 cm + 90 cm) - 90cm,6
,,,1,T1523-1/2,"Tulip Marble Dining Table(90cm,Round) - Table Top",6,
,,,1,T1523-2/2,"Tulip Marble Dining Table(90cm,Round) - Table Base",6,
T2100,Acacia Live Edge Wood Bench with Black X-shaped Legs/Natural Color - 205cm,21
,,,1,X1138,"Acacia Live Edge Bench Top(205cm,Natural)",21,
,,,2,Y1011,X Bench Leg Black,150,
T4011,Acacia Live Edge Dining Table with Black X Shaped Legs/Natural Color - 210cm,96
,,,1,X2010,"Acacia Live Edge Table Top(210cm,Natural)",96,
,,,2,Y2003,X Dining Table Leg Black,274.5,
T4032,Acacia Natural Wood Live Edge Table with Black U-Shaped Legs/Natural Color - 210cm,96
,,,1,X2010,"Acacia Live Edge Table Top(210cm,Natural)",96,
,,,2,Y2001,U Dining Table Leg Black,182.5,
T4057,Straight Cut Acacia Wood Table with Chrome U Legs/Natural Colour - 180cm (6 ft),15
,,,1,X2003,"Acacia Straight Table Top(180cm,Natural)",15,
,,,2,Y2019,U Dining Table Leg Chrome,33,
T4058,Straight Cut Acacia Wood Table with Chrome U Legs/Natural Colour - 240cm (8 ft),20
,,,1,X2004,"Acacia Straight Table Top(240cm,Natural)",20,
,,,2,Y2019,U Dining Table Leg Chrome,33,
T4059,Acacia Live Edge Wood Table with Chrome U Legs/Natural Color - 180cm,33
,,,1,X2001,"Acacia Live Edge Dining Table Top(180cm,Natural)",78,
,,,2,Y2019,U Dining Table Leg Chrome,33,
T4060,Acacia Live Edge Wood Table with Chrome U Legs/Natural Color - 210cm,33
,,,1,X2010,"Acacia Live Edge Table Top(210cm,Natural)",96,
,,,2,Y2019,U Dining Table Leg Chrome,33,
T4061,Acacia Live Edge Wood Table with Chrome U Legs/Natural Color - 240cm,33
,,,1,X2002,"Acacia Live Edge Table Top(240cm,Natural)",73,
,,,2,Y2019,U Dining Table Leg Chrome,33,
T4062,Acacia Live Edge Wood Table with Chrome U Legs/Natural Color - 270cm,26
,,,1,X2015,"Acacia Live Edge Table Top(270cm,Natural)",26,
,,,2,Y2019,U Dining Table Leg Chrome,33,
T4064,Acacia Natural Wood Live Edge Table with Black U-Shaped Legs/Natural Color - 270cm,26
,,,1,X2015,"Acacia Live Edge Table Top(270cm,Natural)",26,
,,,2,Y2001,U Dining Table Leg Black,182.5,
T4065,Acacia Live Edge Dining Table with Black X Shaped Legs/Natural Color - 270cm,26
,,,1,X2015,"Acacia Live Edge Table Top(270cm,Natural)",26,
,,,2,Y2003,X Dining Table Leg Black,274.5,
T4066,Acacia Live Edge Wood Table with Chrome X Legs/Natural Color - 270cm,26
,,,1,X2015,"Acacia Live Edge Table Top(270cm,Natural)",26,
,,,2,Y2002,X Dining Table Leg Chrome,43.5,
T4077,Acacia Live Edge Wood Bench with Chrome U-Shaped Legs/Honey Walnut - 145cm,11
,,,1,X2040,"Acacia Live Edge Bench Top(145cm,Honey)",11,
,,,2,Y1016,U Bench Leg Chrome,27,
T4078,Acacia Live Edge Wood Bench with Chrome U-Shaped Legs/Honey Walnut - 205cm,8
,,,1,X2039,"Acacia Live Edge Bench Top(205cm,Honey)",8,
,,,2,Y1016,U Bench Leg Chrome,27,
T5001,Live Edge Suar Table with Black U Shaped Legs/Natural Finish - 180cm,32
,,,1,X2016,"Live Edge Suar Table Top(180cm,Natural)",32,
,,,2,Y2001,U Dining Table Leg Black,182.5,
T5004,Live Edge Suar Table with Chrome U Shaped Legs/Natural Finish - 180cm,32
,,,1,X2016,"Live Edge Suar Table Top(180cm,Natural)",32,
,,,2,Y2019,U Dining Table Leg Chrome,33,
T5007,Live Edge Suar Table with Black X Shaped Legs/Natural Finish - 180cm,32
,,,1,X2016,"Live Edge Suar Table Top(180cm,Natural)",32,
,,,2,Y2003,X Dining Table Leg Black,274.5,
T5010,Live Edge Suar Table with Chrome X Shaped Legs/Natural Finish - 180cm,32
,,,1,X2016,"Live Edge Suar Table Top(180cm,Natural)",32,
,,,2,Y2002,X Dining Table Leg Chrome,43.5,
T5028,Straight Cut Acacia Wood Table with Black U-Shaped Legs/Natural Colour - 210cm (7ft),29
,,,1,X2030,"Acacia Straight Table Top(210cm,Natural)",29,
,,,2,Y2001,U Dining Table Leg Black,182.5,
T5029,Straight Cut Acacia Dining Table With Black X-Shaped Legs/Natural Color - 210cm (7 ft),29
,,,1,X2030,"Acacia Straight Table Top(210cm,Natural)",29,
,,,2,Y2003,X Dining Table Leg Black,274.5,
T5030,Straight Cut Acacia Wood Table with Chrome X-Shaped Legs/Natural Colour - 210cm,29
,,,1,X2030,"Acacia Straight Table Top(210cm,Natural)",29,
,,,2,Y2002,X Dining Table Leg Chrome,43.5,
T5053,Acacia Live Edge Wood Bench with Chrome U-shaped Legs/Natural Finish - 205cm,21
,,,1,X1138,"Acacia Live Edge Bench Top(205cm,Natural)",21,
,,,2,Y1016,U Bench Leg Chrome,27,
T5055,Live Edge Acacia Bench with Black X Legs/Honey Walnut - 205cm,8
,,,1,X2039,"Acacia Live Edge Bench Top(205cm,Honey)",8,
,,,2,Y1011,X Bench Leg Black,150,
T5056,Live Edge Acacia Bench with Black X Legs/Honey Walnut - 145cm,11
,,,1,X2040,"Acacia Live Edge Bench Top(145cm,Honey)",11,
,,,2,Y1011,X Bench Leg Black,150,
T5057,Straight Cut Acacia Dining Table with Black U legs/Honey Walnut - 180cm,26
,,,1,X2033,"Acacia Straight Table Top(180cm,Honey)",26,
,,,2,Y2001,U Dining Table Leg Black,182.5,
T5058,Straight Cut Acacia Dining Table with Black U legs/Honey Walnut - 210cm,25
,,,1,X2035,"Acacia Straight Table Top(210cm,Honey)",25,
,,,2,Y2001,U Dining Table Leg Black,182.5,
T5059,Straight Cut Acacia Dining Table with Black U legs/Honey Walnut - 240cm,20
,,,1,X2037,"Acacia Straight Table Top(240cm,Honey)",20,
,,,2,Y2001,U Dining Table Leg Black,182.5,
T5060,Straight Cut Acacia Dining Table with Chrome U legs/Honey Walnut - 180cm,26
,,,1,X2033,"Acacia Straight Table Top(180cm,Honey)",26,
,,,2,Y2019,U Dining Table Leg Chrome,33,
T5061,Straight Cut Acacia Dining Table with Chrome U legs/Honey Walnut - 210cm,25
,,,1,X2035,"Acacia Straight Table Top(210cm,Honey)",25,
,,,2,Y2019,U Dining Table Leg Chrome,33,
T5062,Straight Cut Acacia Dining Table with Chrome U legs/Honey Walnut - 240cm,20
,,,1,X2037,"Acacia Straight Table Top(240cm,Honey)",20,
,,,2,Y2019,U Dining Table Leg Chrome,33,
T5063,Straight Cut Acacia Dining Table with Chrome X Legs/Honey Walnut - 180cm,26
,,,1,X2033,"Acacia Straight Table Top(180cm,Honey)",26,
,,,2,Y2002,X Dining Table Leg Chrome,43.5,
T5064,Straight Cut Acacia Dining Table with Chrome X Legs/Honey Walnut - 210cm,25
,,,1,X2035,"Acacia Straight Table Top(210cm,Honey)",25,
,,,2,Y2002,X Dining Table Leg Chrome,43.5,
T5065,Straight Cut Acacia Dining Table with Chrome X Legs/Honey Walnut - 240cm,20
,,,1,X2037,"Acacia Straight Table Top(240cm,Honey)",20,
,,,2,Y2002,X Dining Table Leg Chrome,43.5,
T5066,Straight Cut Acacia Dining Table With Black X Legs/Honey Walnut - 180cm,26
,,,1,X2033,"Acacia Straight Table Top(180cm,Honey)",26,
,,,2,Y2003,X Dining Table Leg Black,274.5,
T5067,Straight Cut Acacia Dining Table With Black X Legs/Honey Walnut - 210cm,25
,,,1,X2035,"Acacia Straight Table Top(210cm,Honey)",25,
,,,2,Y2003,X Dining Table Leg Black,274.5,
T5068,Straight Cut Acacia Dining Table With Black X Legs/Honey Walnut - 240cm,20
,,,1,X2037,"Acacia Straight Table Top(240cm,Honey)",20,
,,,2,Y2003,X Dining Table Leg Black,274.5,
T5078,Live Edge Acacia Dining Table With Black U Legs/Honey Walnut - 180cm,62
,,,1,X2034,"Acacia Live Edge Table top(180cm,Honey)",62,
,,,2,Y2001,U Dining Table Leg Black,182.5,
T5079,Live Edge Acacia Dining Table With Black U Legs/Honey Walnut - 210cm,32
,,,1,X2036,"Acacia Live Edge Table top(210cm,Honey)",32,
,,,2,Y2001,U Dining Table Leg Black,182.5,
T5080,Live Edge Acacia Dining Table With Black U Legs/Honey Walnut - 240cm,24
,,,1,X2038,"Acacia Live Edge Table Top(240cm,Honey)",24,
,,,2,Y2001,U Dining Table Leg Black,182.5,
T5081,Live Edge Acacia Dining Table with Chrome U legs/Honey Walnut - 180cm,33
,,,1,X2034,"Acacia Live Edge Table top(180cm,Honey)",62,
,,,2,Y2019,U Dining Table Leg Chrome,33,
T5082,Live Edge Acacia Dining Table with Chrome U legs/Honey Walnut - 210cm,32
,,,1,X2036,"Acacia Live Edge Table top(210cm,Honey)",32,
,,,2,Y2019,U Dining Table Leg Chrome,33,
T5083,Live Edge Acacia Dining Table with Chrome U legs/Honey Walnut - 240cm,24
,,,1,X2038,"Acacia Live Edge Table Top(240cm,Honey)",24,
,,,2,Y2019,U Dining Table Leg Chrome,33,
T5084,Live Edge Acacia Dining Table With Chrome X Legs/Honey Walnut - 180cm,43
,,,1,X2034,"Acacia Live Edge Table top(180cm,Honey)",62,
,,,2,Y2002,X Dining Table Leg Chrome,43.5,
T5085,Live Edge Acacia Dining Table With Chrome X Legs/Honey Walnut - 210cm,32
,,,1,X2036,"Acacia Live Edge Table top(210cm,Honey)",32,
,,,2,Y2002,X Dining Table Leg Chrome,43.5,
T5086,Live Edge Acacia Dining Table With Chrome X Legs/Honey Walnut - 240cm,24
,,,1,X2038,"Acacia Live Edge Table Top(240cm,Honey)",24,
,,,2,Y2002,X Dining Table Leg Chrome,43.5,
T5087,Live Edge Acacia Dining Table with Black X Legs/Honey Walnut - 180cm,62
,,,1,X2034,"Acacia Live Edge Table top(180cm,Honey)",62,
,,,2,Y2003,X Dining Table Leg Black,274.5,
T5088,Live Edge Acacia Dining Table with Black X Legs/Honey Walnut - 210cm,32
,,,1,X2036,"Acacia Live Edge Table top(210cm,Honey)",32,
,,,2,Y2003,X Dining Table Leg Black,274.5,
T5089,Live Edge Acacia Dining Table with Black X Legs/Honey Walnut - 240cm,24
,,,1,X2038,"Acacia Live Edge Table Top(240cm,Honey)",24,
,,,2,Y2003,X Dining Table Leg Black,274.5,
T5099,Acacia Live Edge Wood Bench with Black U-shaped Legs/Honey Walnut - 145cm,11
,,,1,X2040,"Acacia Live Edge Bench Top(145cm,Honey)",11,
,,,2,Y1013,U Bench Leg Black,35,
T5100,Acacia Live Edge Wood Bench with Black U-shaped Legs/Honey Walnut - 205cm,8
,,,1,X2039,"Acacia Live Edge Bench Top(205cm,Honey)",8,
,,,2,Y1013,U Bench Leg Black,35,
T5105,Straight Cut Acacia Wood Table with Black U-Shaped Legs/Natural Colour - 270cm (9ft),8
,,,1,X2046,"Acacia Straight Table Top(270cm,Natural)",8,
,,,2,Y2001,U Dining Table Leg Black,182.5,
T5106,Straight Cut Acacia Dining Table With Black X-Shaped Legs/Natural Color - 270cm (9 ft),8
,,,1,X2046,"Acacia Straight Table Top(270cm,Natural)",8,
,,,2,Y2003,X Dining Table Leg Black,274.5,
T5107,Straight Cut Acacia Wood Table with Chrome U Legs/Natural Colour - 270cm (9 ft),8
,,,1,X2046,"Acacia Straight Table Top(270cm,Natural)",8,
,,,2,Y2019,U Dining Table Leg Chrome,33,
T5108,Straight Cut Acacia Wood Table with Chrome U Legs/Natural Colour - 210cm (7 ft),29
,,,1,X2030,"Acacia Straight Table Top(210cm,Natural)",29,
,,,2,Y2019,U Dining Table Leg Chrome,33,
T5109,Straight Cut Acacia Wood Table with Chrome X-Shaped Legs/Natural Colour - 270cm,8
,,,1,X2046,"Acacia Straight Table Top(270cm,Natural)",8,
,,,2,Y2002,X Dining Table Leg Chrome,43.5,
T5110,Acacia Live Edge Wood Bench with Chrome X-shaped legs/Honey Walnut - 145cm,11
,,,1,X2040,"Acacia Live Edge Bench Top(145cm,Honey)",11,
,,,2,Y1012,X Bench Leg Chrome,11.5,
T5111,Acacia Live Edge Wood Bench with Chrome X-shaped legs/Honey Walnut - 205cm,8
,,,1,X2039,"Acacia Live Edge Bench Top(205cm,Honey)",8,
,,,2,Y1012,X Bench Leg Chrome,11.5,
T5134,Acacia Natural Wood Live Edge Table with Black U-Shaped Legs/Natural Color - 150cm,67
,,,1,X2022,"Acacia Live Edge Table Top(150cm,Natural)",67,
,,,2,Y2001,U Dining Table Leg Black,182.5,
T5135,Acacia Live Edge Wood Table with Chrome U Legs/Natural Color - 150cm,33
,,,1,X2022,"Acacia Live Edge Table Top(150cm,Natural)",67,
,,,2,Y2019,U Dining Table Leg Chrome,33,
T5136,Acacia Live Edge Dining Table with Black X Shaped Legs/Natural Color - 150cm,67
,,,1,X2022,"Acacia Live Edge Table Top(150cm,Natural)",67,
,,,2,Y2003,X Dining Table Leg Black,274.5,
T5137,Acacia Live Edge Wood Table with Chrome X Legs/Natural Color - 150cm,43
,,,1,X2022,"Acacia Live Edge Table Top(150cm,Natural)",67,
,,,2,Y2002,X Dining Table Leg Chrome,43.5,
T5138,Acacia Natural Wood Live Edge Table with Black U-Shaped Legs/Natural Color - 300cm,18
,,,1,X2048,"Acacia Live Edge Table top(300cm,Natural)",18,
,,,2,Y2001,U Dining Table Leg Black,182.5,
T5139,Acacia Live Edge Wood Table with Chrome U Legs/Natural Color - 300cm,18
,,,1,X2048,"Acacia Live Edge Table top(300cm,Natural)",18,
,,,2,Y2019,U Dining Table Leg Chrome,33,
T5140,Acacia Live Edge Dining Table with Black X Shaped Legs/Natural Color - 300cm,18
,,,1,X2048,"Acacia Live Edge Table top(300cm,Natural)",18,
,,,2,Y2003,X Dining Table Leg Black,274.5,
T5141,Acacia Live Edge Wood Table with Chrome X Legs/Natural Color - 300cm,18
,,,1,X2048,"Acacia Live Edge Table top(300cm,Natural)",18,
,,,2,Y2002,X Dining Table Leg Chrome,43.5,
T5142,Live Edge Acacia Dining Table With Black U Legs/Honey Walnut - 150cm,48
,,,1,X2049,"Acacia Live Edge Table top(150cm,Honey)",48,
,,,2,Y2001,U Dining Table Leg Black,182.5,
T5143,"Acacia Live Edge Table(150cm,Honey,U Chrome)",33
,,,1,X2049,"Acacia Live Edge Table top(150cm,Honey)",48,
,,,2,Y2019,U Dining Table Leg Chrome,33,
T5144,"Acacia Live Edge Table(150cm,Honey,X Black)",48
,,,1,X2049,"Acacia Live Edge Table top(150cm,Honey)",48,
,,,2,Y2003,X Dining Table Leg Black,274.5,
T5145,"Acacia Live Edge Table(150cm,Honey,X Chrome)",43
,,,1,X2049,"Acacia Live Edge Table top(150cm,Honey)",48,
,,,2,Y2002,X Dining Table Leg Chrome,43.5,
T5146,Live Edge Acacia Dining Table With Black U Legs/Honey Walnut - 270cm,17
,,,1,X2050,"Acacia Live Edge Table top(270cm,Honey)",17,
,,,2,Y2001,U Dining Table Leg Black,182.5,
T5147,Live Edge Acacia Dining Table with Chrome U legs/Honey Walnut - 270cm,17
,,,1,X2050,"Acacia Live Edge Table top(270cm,Honey)",17,
,,,2,Y2019,U Dining Table Leg Chrome,33,
T5148,Live Edge Acacia Dining Table with Black X Legs/Honey Walnut - 270cm,17
,,,1,X2050,"Acacia Live Edge Table top(270cm,Honey)",17,
,,,2,Y2003,X Dining Table Leg Black,274.5,
T5149,Live Edge Acacia Dining Table With Chrome X Legs/Honey Walnut - 270cm,17
,,,1,X2050,"Acacia Live Edge Table top(270cm,Honey)",17,
,,,2,Y2002,X Dining Table Leg Chrome,43.5,
T5150,Live Edge Acacia Dining Table With Black U Legs/Honey Walnut - 300cm,15
,,,1,X2051,"Acacia Live Edge Table top(300cm,Honey)",15,
,,,2,Y2001,U Dining Table Leg Black,182.5,
T5151,Live Edge Acacia Dining Table with Chrome U legs/Honey Walnut - 300cm,15
,,,1,X2051,"Acacia Live Edge Table top(300cm,Honey)",15,
,,,2,Y2019,U Dining Table Leg Chrome,33,
T5152,Live Edge Acacia Dining Table with Black X Legs/Honey Walnut - 300cm,15
,,,1,X2051,"Acacia Live Edge Table top(300cm,Honey)",15,
,,,2,Y2003,X Dining Table Leg Black,274.5,
T5153,Live Edge Acacia Dining Table With Chrome X Legs/Honey Walnut - 300cm,15
,,,1,X2051,"Acacia Live Edge Table top(300cm,Honey)",15,
,,,2,Y2002,X Dining Table Leg Chrome,43.5,
T5154,"Acacia Live Edge Table(360cm,Natural,U Black)",
,,,1,X2075,"Acacia Live Edge Table top(360cm,Natural)",0,
,,,2,Y2001,U Dining Table Leg Black,182.5,
T5155,"Acacia Live Edge Table(360cm,Natural,U Chrome)",
,,,1,X2075,"Acacia Live Edge Table top(360cm,Natural)",0,
,,,2,Y2019,U Dining Table Leg Chrome,33,
T5156,"Acacia Live Edge Table(360cm,Natural,X Black)",
,,,1,X2075,"Acacia Live Edge Table top(360cm,Natural)",0,
,,,2,Y2003,X Dining Table Leg Black,274.5,
T5157,"Acacia Live Edge Table(360cm,Natural,X Chrome)",
,,,1,X2075,"Acacia Live Edge Table top(360cm,Natural)",0,
,,,2,Y2002,X Dining Table Leg Chrome,43.5,
T5158,Straight Cut Acacia Dining Table with Black U legs/Honey Walnut - 270cm,12
,,,1,X2076,"Acacia Straight Table Top(270cm,Honey)",12,
,,,2,Y2001,U Dining Table Leg Black,182.5,
T5159,Straight Cut Acacia Dining Table with Chrome U legs/Honey Walnut - 270cm,12
,,,1,X2076,"Acacia Straight Table Top(270cm,Honey)",12,
,,,2,Y2019,U Dining Table Leg Chrome,33,
T5160,Straight Cut Acacia Dining Table With Black X Legs/Honey Walnut - 270cm,12
,,,1,X2076,"Acacia Straight Table Top(270cm,Honey)",12,
,,,2,Y2003,X Dining Table Leg Black,274.5,
T5161,"Acacia Straight Table(270cm,Honey,X Chrome)",12
,,,1,X2076,"Acacia Straight Table Top(270cm,Honey)",12,
,,,2,Y2002,X Dining Table Leg Chrome,43.5,
T5162,Live Edge Suar Table with Black U Shaped Legs/Natural Finish - 210cm,93
,,,1,X2018,"Live Edge Suar Table Top(210cm,Natural)",93,
,,,2,Y2001,U Dining Table Leg Black,182.5,
T5163,"Suar Live Edge Table(210cm,Natural,U Chrome)",33
,,,1,X2018,"Live Edge Suar Table Top(210cm,Natural)",93,
,,,2,Y2019,U Dining Table Leg Chrome,33,
T5164,Live Edge Suar Table with Black X Shaped Legs/Natural Finish - 210cm,93
,,,1,X2018,"Live Edge Suar Table Top(210cm,Natural)",93,
,,,2,Y2003,X Dining Table Leg Black,274.5,
T5165,"Suar Live Edge Table(210cm,Natural,X Chrome)",43
,,,1,X2018,"Live Edge Suar Table Top(210cm,Natural)",93,
,,,2,Y2002,X Dining Table Leg Chrome,43.5,
T5262,Suar Live Edge Wood Bench with Black U-shaped Legs/Natural - 145cm,32
,,,1,X2044,"Live Edge Suar Bench Top(145cm,Natural)",32,
,,,2,Y1013,U Bench Leg Black,35,
T5263,Suar Live Edge Wood Bench with Black U-shaped Legs/Natural - 205cm,17
,,,1,X2045,"Live Edge Suar Bench Top(205cm,Natural)",17,
,,,2,Y1013,U Bench Leg Black,35,
T5264,Suar Live Edge Wood Bench with Chrome U-shaped Legs/Natural - 145cm,27
,,,1,X2044,"Live Edge Suar Bench Top(145cm,Natural)",32,
,,,2,Y1016,U Bench Leg Chrome,27,
T5265,Suar Live Edge Wood Bench with Chrome U-shaped Legs/Natural - 205cm,17
,,,1,X2045,"Live Edge Suar Bench Top(205cm,Natural)",17,
,,,2,Y1016,U Bench Leg Chrome,27,
T5266,Suar Live Edge Wood Bench with Black X-shaped Legs/Natural - 145cm,32
,,,1,X2044,"Live Edge Suar Bench Top(145cm,Natural)",32,
,,,2,Y1011,X Bench Leg Black,150,
T5267,Suar Live Edge Wood Bench with Black X-shaped Legs/Natural - 205cm,17
,,,1,X2045,"Live Edge Suar Bench Top(205cm,Natural)",17,
,,,2,Y1011,X Bench Leg Black,150,
T5268,Suar Live Edge Wood Bench with Chrome X-shaped Legs/Natural - 145cm,11
,,,1,X2044,"Live Edge Suar Bench Top(145cm,Natural)",32,
,,,2,Y1012,X Bench Leg Chrome,11.5,
T5269,Suar Live Edge Wood Bench with Chrome X-shaped Legs/Natural - 205cm,11
,,,1,X2045,"Live Edge Suar Bench Top(205cm,Natural)",17,
,,,2,Y1012,X Bench Leg Chrome,11.5,
T5381,JONAVA Live Edge Acacia Table (Honey Walnut),15
,,,1,T5381-1/4,JONAVA Acacia Live Edge Table(Honey) - Box 1,15,
,,,1,T5381-2/4,JONAVA Acacia Live Edge Table(Honey) - Box 2,17,
,,,1,T5381-3/4,JONAVA Acacia Live Edge Table(Honey) - Box 3,16,
,,,1,T5381-4/4,JONAVA Acacia Live Edge Table(Honey) - Box 4,18,
T5383,"COLTON -  Extendable Solid Acacia Wood Dining Table, 200 cm - 280 cm, NATURAL",55
,,,1,T5383-1/2,COLTON Extendable Acacia Table(Natural) - Box 1,55,
,,,1,T5383-2/2,COLTON Extendable Acacia Table(Natural) - Box 2,66,
T5461,Live Edge Suar Table with Black X Shaped Legs/Natural Finish - 300cm,11
,,,1,X2112,"Live Edge Suar Table Top(300cm,Natural)",11,
,,,2,Y2003,X Dining Table Leg Black,274.5,
T5471,Live Edge Suar Table with Black U Shaped Legs/Natural Finish - 300cm,11
,,,1,X2112,"Live Edge Suar Table Top(300cm,Natural)",11,
,,,2,Y2001,U Dining Table Leg Black,182.5,
T5472,Live Edge Suar Table with Chrome U Shaped Legs/Natural Finish - 300cm,11
,,,1,X2112,"Live Edge Suar Table Top(300cm,Natural)",11,
,,,2,Y2019,U Dining Table Leg Chrome,33,
T5473,Live Edge Suar Table with Chrome X Shaped Legs/Natural Finish - 300cm,11
,,,1,X2112,"Live Edge Suar Table Top(300cm,Natural)",11,
,,,2,Y2002,X Dining Table Leg Chrome,43.5,
T5569,Porto Live Edge Acacia Bar Table (150m),67
,,,1,X2022,"Acacia Live Edge Table Top(150cm,Natural)",67,
,,,2,Y2068,U Bar Table Leg Black,75,
T5570,PORTO - Live Edge Acacia Bar Table - 180cm,75
,,,1,X2001,"Acacia Live Edge Dining Table Top(180cm,Natural)",78,
,,,2,Y2068,U Bar Table Leg Black,75,
T5571,Porto Live Edge Acacia Bar Table (210cm),75
,,,1,X2010,"Acacia Live Edge Table Top(210cm,Natural)",96,
,,,2,Y2068,U Bar Table Leg Black,75,
T5572,PORTO - Live Edge Acacia Bar Table - 240cm,73
,,,1,X2002,"Acacia Live Edge Table Top(240cm,Natural)",73,
,,,2,Y2068,U Bar Table Leg Black,75,
T5573,Porto Live Edge Acacia Bar Table (270cm),26
,,,1,X2015,"Acacia Live Edge Table Top(270cm,Natural)",26,
,,,2,Y2068,U Bar Table Leg Black,75,
T5574,Porto Live Edge Acacia Bar Table (300cm),18
,,,1,X2048,"Acacia Live Edge Table top(300cm,Natural)",18,
,,,2,Y2068,U Bar Table Leg Black,75,
T5575,"PORTO - Straight Cut Acacia Bar Table (180 cm, Natural) - 180cm",15
,,,1,X2003,"Acacia Straight Table Top(180cm,Natural)",15,
,,,2,Y2068,U Bar Table Leg Black,75,
T5576,Porto Straight Cut Acacia Bar Table (210cm),29
,,,1,X2030,"Acacia Straight Table Top(210cm,Natural)",29,
,,,2,Y2068,U Bar Table Leg Black,75,
T5577,Porto Straight Cut Acacia Bar Table (240cm),20
,,,1,X2004,"Acacia Straight Table Top(240cm,Natural)",20,
,,,2,Y2068,U Bar Table Leg Black,75,
T5578,Porto Straight Cut Acacia Bar Table (270cm),8
,,,1,X2046,"Acacia Straight Table Top(270cm,Natural)",8,
,,,2,Y2068,U Bar Table Leg Black,75,
T5579,Porto Live Edge Acacia Counter Table (150m),67
,,,1,X2022,"Acacia Live Edge Table Top(150cm,Natural)",67,
,,,2,Y2067,U Counter Table Leg Black,93,
T5580,PORTO - Live Edge Acacia Counter Table - 180cm,78
,,,1,X2001,"Acacia Live Edge Dining Table Top(180cm,Natural)",78,
,,,2,Y2067,U Counter Table Leg Black,93,
T5581,Porto Live Edge Acacia Counter Table (210cm),93
,,,1,X2010,"Acacia Live Edge Table Top(210cm,Natural)",96,
,,,2,Y2067,U Counter Table Leg Black,93,
T5582,PORTO - Live Edge Acacia Counter Table - 240cm,73
,,,1,X2002,"Acacia Live Edge Table Top(240cm,Natural)",73,
,,,2,Y2067,U Counter Table Leg Black,93,
T5583,Porto Live Edge Acacia Counter Table (270cm),26
,,,1,X2015,"Acacia Live Edge Table Top(270cm,Natural)",26,
,,,2,Y2067,U Counter Table Leg Black,93,
T5584,Porto Live Edge Acacia Counter Table (300cm),18
,,,1,X2048,"Acacia Live Edge Table top(300cm,Natural)",18,
,,,2,Y2067,U Counter Table Leg Black,93,
T5585,"PORTO - Straight Cut Acacia Counter Table (180 cm, Natural) - 180cm",15
,,,1,X2003,"Acacia Straight Table Top(180cm,Natural)",15,
,,,2,Y2067,U Counter Table Leg Black,93,
T5586,Porto Straight Cut Acacia Counter Table (210cm),29
,,,1,X2030,"Acacia Straight Table Top(210cm,Natural)",29,
,,,2,Y2067,U Counter Table Leg Black,93,
T5587,Porto Straight Cut Acacia Counter Table (240cm),20
,,,1,X2004,"Acacia Straight Table Top(240cm,Natural)",20,
,,,2,Y2067,U Counter Table Leg Black,93,
T5588,Porto Straight Cut Acacia Counter Table (270cm),8
,,,1,X2046,"Acacia Straight Table Top(270cm,Natural)",8,
,,,2,Y2067,U Counter Table Leg Black,93,
T5677,ESTRELA - Live Edge Acacia Dining Table - 160cm,22
,,,1,T5677-1/2,Estrela Live Edge Acacia Dining Table (160cm) - Box 1,22,
,,,1,T5677-2/2,Estrela Live Edge Acacia Dining Table (160cm) - Box 2,22,
T5706,BERENIKE - Coffee Table,
,,,1,T5706-1/2,BERENIKE Coffee Table - TOP,0,
,,,1,T5706-2/2,BERENIKE Coffee Table - BASE,1,
T5748,GORDON - Live Edge Rustic Bar Table,33
,,,1,T5748-1/2,GORDON Acacia Bar Table (Natural) - Box 1,36,
,,,1,T5748-2/2,GORDON Acacia Bar Table (Natural) - Box 2,33,
T5753,Live Edge Suar Table with Black U Shaped Legs/Natural Finish - 250cm,23
,,,1,X2113,"Live Edge Suar Table Top(250cm,Natural)",23,
,,,2,Y2001,U Dining Table Leg Black,182.5,
T5754,Live Edge Suar Table with Chrome U Shaped Legs/Natural Finish - 250cm,23
,,,1,X2113,"Live Edge Suar Table Top(250cm,Natural)",23,
,,,2,Y2019,U Dining Table Leg Chrome,33,
T5755,Live Edge Suar Table with Black X Shaped Legs/Natural Finish - 250cm,23
,,,1,X2113,"Live Edge Suar Table Top(250cm,Natural)",23,
,,,2,Y2003,X Dining Table Leg Black,274.5,
T5756,Live Edge Suar Table with Chrome X Shaped Legs/Natural Finish - 250cm,23
,,,1,X2113,"Live Edge Suar Table Top(250cm,Natural)",23,
,,,2,Y2002,X Dining Table Leg Chrome,43.5,
T5767,"PORTO - Live Edge Acacia Counter Table (180 cm, Honey) - 180cm",62
,,,1,X2034,"Acacia Live Edge Table top(180cm,Honey)",62,
,,,2,Y2067,U Counter Table Leg Black,93,
T5768,"PORTO - Live Edge Acacia Counter Table (240 cm, Honey) - 240cm",24
,,,1,X2038,"Acacia Live Edge Table Top(240cm,Honey)",24,
,,,2,Y2067,U Counter Table Leg Black,93,
T5769,"PORTO - Live Edge Acacia Bar Table (180 cm, Honey) - 180cm",62
,,,1,X2034,"Acacia Live Edge Table top(180cm,Honey)",62,
,,,2,Y2068,U Bar Table Leg Black,75,
T5770,"PORTO - Live Edge Acacia Bar Table (240 cm, Honey) - 240cm",24
,,,1,X2038,"Acacia Live Edge Table Top(240cm,Honey)",24,
,,,2,Y2068,U Bar Table Leg Black,75,
T5772,MAYE - Coffee Table With White Marble Top,2
,,,1,T5772-1/2,MAYE Coffee Table (Marble) - TOP,2,
,,,1,T5772-2/2,MAYE Coffee Table (Marble) - BASE,2,
T5779,JOVIE - Metal Coffee Table,1
,,,1,T5779-1/2,JOVIE Metal Coffee Table - TABLETOP,1,
,,,1,T5779-2/2,JOVIE Metal Coffee Table - BASE,2,
T5780,JOVIE - Metal Bar Table,1
,,,1,T5780-1/2,JOVIE Metal Bar Table - Top,1,
,,,1,T5780-2/2,JOVIE Metal Bar Table - Base,1,
T5782,BERENIKE - Marble Dining Table,2
,,,1,T5782-1/2,BERENIKE Marble Dining Table - Table Top,2,
,,,1,T5782-2/2,BERENIKE Marble Dining Table - Table Base,2,
T5792,Straight Cut Suar Table with Black U Shaped Legs/Natural Finish - 180cm,27
,,,1,X2114,"Suar Straight Cut Table Top(180cm,Natural)",27,
,,,2,Y2001,U Dining Table Leg Black,182.5,
T5793,Straight Cut Suar Table with Chrome U Shaped Legs/Natural Finish - 180cm,27
,,,1,X2114,"Suar Straight Cut Table Top(180cm,Natural)",27,
,,,2,Y2019,U Dining Table Leg Chrome,33,
T5794,Straight Cut Suar Table with Black X Shaped Legs/Natural Finish - 180cm,27
,,,1,X2114,"Suar Straight Cut Table Top(180cm,Natural)",27,
,,,2,Y2003,X Dining Table Leg Black,274.5,
T5795,Straight Cut Suar Table with Chrome X Shaped Legs/Natural Finish - 180cm,27
,,,1,X2114,"Suar Straight Cut Table Top(180cm,Natural)",27,
,,,2,Y2002,X Dining Table Leg Chrome,43.5,
T5796,Straight Cut Suar Table with Black U Shaped Legs/Natural Finish - 210cm,9
,,,1,X2115,"Suar Straight Cut Table Top(210cm,Natural)",9,
,,,2,Y2001,U Dining Table Leg Black,182.5,
T5797,Straight Cut Suar Table with Chrome U Shaped Legs/Natural Finish - 210cm,9
,,,1,X2115,"Suar Straight Cut Table Top(210cm,Natural)",9,
,,,2,Y2019,U Dining Table Leg Chrome,33,
T5798,Straight Cut Suar Table with Black X Shaped Legs/Natural Finish - 210cm,9
,,,1,X2115,"Suar Straight Cut Table Top(210cm,Natural)",9,
,,,2,Y2003,X Dining Table Leg Black,274.5,
T5799,Straight Cut Suar Table with Chrome X Shaped Legs/Natural Finish - 210cm,9
,,,1,X2115,"Suar Straight Cut Table Top(210cm,Natural)",9,
,,,2,Y2002,X Dining Table Leg Chrome,43.5,
T5800,Straight Cut Suar Table with Black U Shaped Legs/Natural Finish - 250cm,18
,,,1,X2116,"Suar Straight Cut Table Top(250cm,Natural)",18,
,,,2,Y2001,U Dining Table Leg Black,182.5,
T5801,Straight Cut Suar Table with Chrome U Shaped Legs/Natural Finish - 250cm,18
,,,1,X2116,"Suar Straight Cut Table Top(250cm,Natural)",18,
,,,2,Y2019,U Dining Table Leg Chrome,33,
T5802,Straight Cut Suar Table with Black X Shaped Legs/Natural Finish - 250cm,18
,,,1,X2116,"Suar Straight Cut Table Top(250cm,Natural)",18,
,,,2,Y2003,X Dining Table Leg Black,274.5,
T5803,Straight Cut Suar Table with Chrome X Shaped Legs/Natural Finish - 250cm,18
,,,1,X2116,"Suar Straight Cut Table Top(250cm,Natural)",18,
,,,2,Y2002,X Dining Table Leg Chrome,43.5,
T5804,Straight Cut Suar Table with Black U Shaped Legs/Natural Finish - 300cm,11
,,,1,X2117,"Suar Straight Cut Table Top(300cm,Natural)",11,
,,,2,Y2001,U Dining Table Leg Black,182.5,
T5805,Straight Cut Suar Table with Chrome U Shaped Legs/Natural Finish - 300cm,11
,,,1,X2117,"Suar Straight Cut Table Top(300cm,Natural)",11,
,,,2,Y2019,U Dining Table Leg Chrome,33,
T5806,Straight Cut Suar Table with Black X Shaped Legs/Natural Finish - 300cm,11
,,,1,X2117,"Suar Straight Cut Table Top(300cm,Natural)",11,
,,,2,Y2003,X Dining Table Leg Black,274.5,
T5807,Straight Cut Suar Table with Chrome X Shaped Legs/Natural Finish - 300cm,11
,,,1,X2117,"Suar Straight Cut Table Top(300cm,Natural)",11,
,,,2,Y2002,X Dining Table Leg Chrome,43.5,
T5871,150cm - Straight Cut Acacia Dining Table with Black U legs/Honey Walnut,
,,,1,X2121,"Acacia Straight Table Top(150cm,Honey)",-8,
,,,2,Y2001,U Dining Table Leg Black,182.5,
T5872,150cm - Straight Cut Acacia Dining Table with Chrome U legs/Honey Walnut,
,,,1,X2121,"Acacia Straight Table Top(150cm,Honey)",-8,
,,,2,Y2019,U Dining Table Leg Chrome,33,
T5873,150cm - Straight Cut Acacia Dining Table With Black X Legs/Honey Walnut,
,,,1,X2121,"Acacia Straight Table Top(150cm,Honey)",-8,
,,,2,Y2003,X Dining Table Leg Black,274.5,
T5874,150cm - Straight Cut Acacia Dining Table with Chrome X Legs/Honey Walnut,
,,,1,X2121,"Acacia Straight Table Top(150cm,Honey)",-8,
,,,2,Y2002,X Dining Table Leg Chrome,43.5,
T5875,150cm - Straight Cut Acacia Wood Table with Black U-Shaped Legs/Natural Colour,
,,,1,X2120,"Acacia Straight Table Top(150cm,Natural)",0,
,,,2,Y2001,U Dining Table Leg Black,182.5,
T5876,150cm - Straight Cut Acacia Wood Table with Chrome U Legs/Natural Colour,
,,,1,X2120,"Acacia Straight Table Top(150cm,Natural)",0,
,,,2,Y2019,U Dining Table Leg Chrome,33,
T5877,150cm - Straight Cut Acacia Dining Table With Black X-Shaped Legs/Natural Color,
,,,1,X2120,"Acacia Straight Table Top(150cm,Natural)",0,
,,,2,Y2003,X Dining Table Leg Black,274.5,
T5878,150cm - Straight Cut Acacia Wood Table with Chrome X-Shaped Legs/Natural Colour,
,,,1,X2120,"Acacia Straight Table Top(150cm,Natural)",0,
,,,2,Y2002,X Dining Table Leg Chrome,43.5,
T5915,TIME - Acacia Live Edge Table Hourglass Black - 180cm,28
,,,1,X2001,"Acacia Live Edge Dining Table Top(180cm,Natural)",78,
,,,2,Y2069,Hourglass Dining Table Leg Black,28,
T5916,TIME - Acacia Live Edge Table Hourglass Chrome - 180cm,15
,,,1,X2001,"Acacia Live Edge Dining Table Top(180cm,Natural)",78,
,,,2,Y2070,Hourglass Dining Table Leg Chrome,15,
T5919,ZED - Acacia Live Edge Table Z Black - 180cm,2
,,,1,X2001,"Acacia Live Edge Dining Table Top(180cm,Natural)",78,
,,,2,Y2073,Z Dining Table Leg Black,2,
T5920,ZED - Acacia Live Edge Table Z Chrome - 180cm,11
,,,1,X2001,"Acacia Live Edge Dining Table Top(180cm,Natural)",78,
,,,2,Y2074,Z Dining Table Leg Chrome,11,
T5921,"Acacia Live Edge Table(150cm,Natural,Flat X Chrome)",10
,,,1,X2022,"Acacia Live Edge Table Top(150cm,Natural)",67,
,,,2,Y2081,Flat X Dining Table Chrome,10,
T5922,MACKENZIE - Acacia Live Edge Table Flat X Chrome - 180cm,10
,,,1,X2001,"Acacia Live Edge Dining Table Top(180cm,Natural)",78,
,,,2,Y2081,Flat X Dining Table Chrome,10,
T5923,"Suar Live Edge Table(160cm,Natural,Flat X Chrome)",10
,,,1,X2119,"Live Edge Suar Table Top(160cm,Natural)",69,
,,,2,Y2081,Flat X Dining Table Chrome,10,
T5924,COMPAC - Suar Live Edge Table X Black,69
,,,1,X2119,"Live Edge Suar Table Top(160cm,Natural)",69,
,,,2,Y2003,X Dining Table Leg Black,274.5,
T5925,CARIBOO - Rosewood Live Edge Table X Black,31
,,,1,X2118,Rosewood Live Edge Dining Table Top(195cm),31,
,,,2,Y2003,X Dining Table Leg Black,274.5,
T5926,TIME - Acacia Live Edge Bench Hourglass Black - 145cm,20
,,,1,X1100,"Acacia Live Edge Bench Top(145cm,Natural)",117,
,,,2,Y2075,Hourglass Bench Leg Black,20,
T5927,TIME - Acacia Live Edge Bench Hourglass Chrome - 145cm,5
,,,1,X1100,"Acacia Live Edge Bench Top(145cm,Natural)",117,
,,,2,Y2076,Hourglass Bench Leg Chrome,5,
T5930,ZED - Acacia Live Edge Bench Z Black,2
,,,1,X1100,"Acacia Live Edge Bench Top(145cm,Natural)",117,
,,,2,Y2079,Z Bench Leg Black,2,
T5931,ZED - Acacia Live Edge Bench Z Chrome,5
,,,1,X1100,"Acacia Live Edge Bench Top(145cm,Natural)",117,
,,,2,Y2080,Z Bench Leg Chrome,5,
T5932,PASSO - Acacia Live Edge Table Reverse Arch Black,37
,,,1,X2002,"Acacia Live Edge Table Top(240cm,Natural)",73,
,,,2,Y2071,Tunnel Trapezoid Dining Table Leg Black,37,
T5933,PASSO - Acacia Live Edge Table Reverse Arch Chrome,17
,,,1,X2002,"Acacia Live Edge Table Top(240cm,Natural)",73,
,,,2,Y2072,Tunnel Trapezoid Dining Table Leg Chrome,17,
T5934,PASSO - Acacia Live Edge Bench Reverse Arch Black,14
,,,1,X1138,"Acacia Live Edge Bench Top(205cm,Natural)",21,
,,,2,Y2077,Tunnel Trapezoid Bench Leg Black,14,
T5935,PASSO - Acacia Live Edge Bench Reverse Arch Chrome,8
,,,1,X1138,"Acacia Live Edge Bench Top(205cm,Natural)",21,
,,,2,Y2078,Tunnel Trapezoid Bench Leg Chrome,8,
T5936,RENNES Extendable Solid Acacia Dining Table with Industrial Metal Legs / Natural (120cm-210cm),
,,,1,T5936-1/2,RENNES Extendable Acacia Table (Natural 120cm-210cm) - Tabletop,0,Tabletop
,,,1,T5936-2/2,RENNES Extendable Acacia Table (Natural 120cm-210cm) - Legs,0,Legs
T5940,TIME - Acacia Live Edge Table Hourglass Chrome - 150cm,15
,,,2,Y2070,Hourglass Dining Table Leg Chrome,15,Hourglass Dining Table Leg Chrome
,,,1,X2022,"Acacia Live Edge Table Top(150cm,Natural)",67,"Acacia Live Edge Table Top(150cm,Natural)"
T5941,TIME - Acacia Live Edge Table Hourglass Black - 150cm,28
,,,2,Y2069,Hourglass Dining Table Leg Black,28,Hourglass Dining Table Leg Black
,,,1,X2022,"Acacia Live Edge Table Top(150cm,Natural)",67,"Acacia Live Edge Table Top(150cm,Natural)"
T5942,TIME - Acacia Live Edge Table Hourglass Chrome - 210cm,15
,,,2,Y2070,Hourglass Dining Table Leg Chrome,15,Hourglass Dining Table Leg Chrome
,,,1,X2010,"Acacia Live Edge Table Top(210cm,Natural)",96,"Acacia Live Edge Table Top(210cm,Natural)"
T5943,TIME - Acacia Live Edge Table Hourglass Black - 210cm,28
,,,2,Y2069,Hourglass Dining Table Leg Black,28,Hourglass Dining Table Leg Black
,,,1,X2010,"Acacia Live Edge Table Top(210cm,Natural)",96,"Acacia Live Edge Table Top(210cm,Natural)"
T5944,CENTURY - 100-Year-Old Live Edge Suar Table,9
,,,1,TSUAR,The Century Collection,9,The Century Collection
,,,2,Y2019,U Dining Table Leg Chrome,33,U Dining Table Leg Chrome
T5945,CENTURY - Suar Live Edge Table with Black X Legs,9
,,,2,Y2003,X Dining Table Leg Black,274.5,X Dining Table Leg Black
,,,1,TSUAR,The Century Collection,9,The Century Collection
T5947,TIME - Acacia Live Edge Bench Hourglass Chrome - 205cm,5
,,,2,Y2076,Hourglass Bench Leg Chrome,5,Hourglass Bench Leg Chrome
,,,1,X1138,"Acacia Live Edge Bench Top(205cm,Natural)",21,"Acacia Live Edge Bench Top(205cm,Natural)"
T5948,TIME - Acacia Live Edge Bench Hourglass Black - 205cm,20
,,,2,Y2075,Hourglass Bench Leg Black,20,Hourglass Bench Leg Black
,,,1,X1138,"Acacia Live Edge Bench Top(205cm,Natural)",21,"Acacia Live Edge Bench Top(205cm,Natural)"
