Order date,Order ID,Product ID,Description,Quantity,Container Number,Product units received,Estimated receive date,Remaining after reservations including BOM units WZ0002,Remaining after reservations including BOM units WZ0001
3/11/2021,100359,T5653,KODA Suar Root Wood Console(151-175),50,FFAU1396748,6,10/1/2021,5,2
3/11/2021,100359,T5687,KODA Suar Root Wood Console(176-200),50,FFAU1396748,0,10/1/2021,1,1
3/11/2021,100359,T5688,KODA Suar Root Wood Console(201-250),50,FFAU1396748,3,10/1/2021,3,1
3/11/2021,100359,T5690,KODA Suar Root Wood Night Table,50,FFAU1396748,20,10/1/2021,18,1
3/11/2021,100359,T5937,KALANI Suar Root Coffee Table (120cm-152cm),50,FFAU1396748,0,10/1/2021,0,0
3/11/2021,100359,X2016,"Live Edge Suar Table Top(180cm,Natural)",50,FFAU1396748,0,10/1/2021,11,13
3/11/2021,100359,X2018,"Live Edge Suar Table Top(210cm,Natural)",50,FFAU1396748,70,10/1/2021,47,19
3/11/2021,100359,X2044,"Live Edge Suar Bench Top(145cm,Natural)",50,FFAU1396748,0,10/1/2021,9,12
3/11/2021,100359,X2045,"Live Edge Suar Bench Top(205cm,Natural)",50,FFAU1396748,0,10/1/2021,9,2
3/11/2021,100359,X2114,"Suar Straight Cut Table Top(180cm,Natural)",50,FFAU1396748,20,10/1/2021,15,5
3/11/2021,100359,X2119,"Live Edge Suar Table Top(160cm,Natural)",50,FFAU1396748,0,10/1/2021,48,17
3/11/2021,100362,T5809,AMINA Acacia Side Table(Small),50,,0,8/20/2021,0,0
3/11/2021,100362,T5812,LAYLA Rosewood Sideboard(Natural),50,,0,8/20/2021,-1,0
3/11/2021,100362,T5814,LAYLA Rosewood Coffee Table(Natural),50,,0,8/20/2021,0,0
3/11/2021,100362,T5818,IDRISSA Metal Bookcase,50,,0,8/20/2021,1,0
3/11/2021,100362,T5819,PIPER Acacia Dining Table(160cm),50,,0,8/20/2021,-1,1
3/11/2021,100362,T5820,PIPER Acacia Dining Bench(145cm),50,,0,8/20/2021,0,0
3/11/2021,100362,T5823,PIPER Acacia Side Table,50,,0,8/20/2021,0,0
3/11/2021,100362,T5936-1/2,RENNES Extendable Acacia Table (Natural | 120cm-210cm) - Tabletop,50,,0,8/20/2021,0,0
3/11/2021,100362,T5936-2/2,RENNES Extendable Acacia Table (Natural | 120cm-210cm) - Legs,50,,0,8/20/2021,0,0
3/11/2021,100362,X2118,Rosewood Live Edge Dining Table Top(195cm),50,,30,8/20/2021,22,8
3/11/2021,100363,X1100,"Acacia Live Edge Bench Top(145cm,Natural)",120,MSDU8159093,0,7/15/2021,83,17
3/11/2021,100363,X1138,"Acacia Live Edge Bench Top(205cm,Natural)",60,MSDU8159093,48,7/15/2021,15,7
3/11/2021,100363,X2003,"Acacia Straight Table Top(180cm,Natural)",25,MSDU8159093,20,7/15/2021,9,6
3/11/2021,100363,X2022,"Acacia Live Edge Table Top(150cm,Natural)",60,MSDU8159093,0,7/15/2021,31,17
3/11/2021,100363,X2030,"Acacia Straight Table Top(210cm,Natural)",32,MSDU8159093,26,7/15/2021,16,8
3/11/2021,100363,X2034,"Acacia Live Edge Table top(180cm,Honey)",29,MSDU8159093,24,7/15/2021,15,3
3/11/2021,100363,X2036,"Acacia Live Edge Table top(210cm,Honey)",19,MSDU8159093,15,7/15/2021,10,2
3/11/2021,100363,X2040,"Acacia Live Edge Bench Top(145cm,Honey)",20,MSDU8159093,0,7/15/2021,6,2
3/11/2021,100363,X2049,"Acacia Live Edge Table top(150cm,Honey)",10,MSDU8159093,8,7/15/2021,21,14
3/15/2021,100371,X1100,"Acacia Live Edge Bench Top(145cm,Natural)",100,,0,8/15/2021,83,17
3/15/2021,100371,X1138,"Acacia Live Edge Bench Top(205cm,Natural)",100,,0,8/15/2021,15,7
3/15/2021,100371,X2001,"Acacia Live Edge Dining Table Top(180cm,Natural)",100,,0,8/15/2021,35,15
3/15/2021,100371,X2003,"Acacia Straight Table Top(180cm,Natural)",100,,0,8/15/2021,9,6
3/15/2021,100371,X2022,"Acacia Live Edge Table Top(150cm,Natural)",100,,0,8/15/2021,31,17
3/15/2021,100371,X2030,"Acacia Straight Table Top(210cm,Natural)",100,,0,8/15/2021,16,8
3/15/2021,100371,X2034,"Acacia Live Edge Table top(180cm,Honey)",100,,0,8/15/2021,15,3
3/15/2021,100371,X2036,"Acacia Live Edge Table top(210cm,Honey)",100,,0,8/15/2021,10,2
3/15/2021,100371,X2040,"Acacia Live Edge Bench Top(145cm,Honey)",100,,0,8/15/2021,6,2
3/15/2021,100371,X2049,"Acacia Live Edge Table top(150cm,Honey)",100,,0,8/15/2021,21,14
3/16/2021,100377,B1014K-1/4,"ANNISTON Fabric Bed with Storage(Grey,King) - HEADBOARD",36,TBD,28,9/13/2021,16,6
3/16/2021,100377,B1014K-2/4,"ANNISTON Fabric Bed with Storage(Grey,King) - SIDE RAILS",36,TBD,28,9/13/2021,18,6
3/16/2021,100377,B1014K-3/4,"ANNISTON Fabric Bed with Storage(Grey,King) - FOOTBOARD+SLATS",36,TBD,28,9/13/2021,20,6
3/16/2021,100377,B1014K-4/4,"ANNISTON Fabric Bed with Storage(Grey,King) - DRAWERS",36,TBD,28,9/13/2021,16,6
3/16/2021,100377,B1014Q-1/4,"ANNISTON Fabric Bed with Storage(Grey,Queen) - HEADBOARD",20,TBD,16,9/13/2021,8,5
3/16/2021,100377,B1014Q-2/4,"ANNISTON Fabric Bed with Storage(Grey,Queen) - SIDE RAILS",20,TBD,16,9/13/2021,8,5
3/16/2021,100377,B1014Q-3/4,"ANNISTON Fabric Bed with Storage(Grey,Queen) - FOOTBOARD+SLATS",20,TBD,16,9/13/2021,8,5
3/16/2021,100377,B1014Q-4/4,"ANNISTON Fabric Bed with Storage(Grey,Queen) - DRAWERS",20,TBD,16,9/13/2021,8,5
3/16/2021,100377,B1021K-1/3,"Maple Fabric Bed(Light Grey,King) - HEADBOARD",40,TBD,32,9/13/2021,21,7
3/16/2021,100377,B1021K-2/3,"Maple Fabric Bed(Light Grey,King) - SIDE RAILS",40,TBD,32,9/13/2021,21,7
3/16/2021,100377,B1021K-3/3,"Maple Fabric Bed(Light Grey,King) - FOOTBOARD+SLATS",40,TBD,32,9/13/2021,21,7
3/16/2021,100377,B1021Q-1/3,"Maple Fabric Bed(Light Grey,Queen) - HEADBOARD",20,TBD,16,9/13/2021,9,6
3/16/2021,100377,B1021Q-2/3,"Maple Fabric Bed(Light Grey,Queen) - SIDE RAILS",20,TBD,16,9/13/2021,11,6
3/16/2021,100377,B1021Q-3/3,"Maple Fabric Bed(Light Grey,Queen) - FOOTBOARD+SLATS",20,TBD,16,9/13/2021,9,6
3/16/2021,100377,B1042K-1/3,"Kudrow Fabric Bed with Storage(Grey,King) - HEADBOARD + DRAWERS",10,TBD,8,9/13/2021,5,2
3/16/2021,100377,B1042K-2/3,"Kudrow Fabric Bed with Storage(Grey,King) - SIDE RAILS",10,TBD,8,9/13/2021,5,2
3/16/2021,100377,B1042K-3/3,"Kudrow Fabric Bed with Storage(Grey,King) - FOOTBOARD+DRAWERS+FOOT",10,TBD,8,9/13/2021,5,2
3/16/2021,100377,B1042Q-1/3,"Kudrow Fabric Bed with Storage(Grey,Queen) - HEADBOARD + DRAWERS",10,TBD,8,9/13/2021,5,2
3/16/2021,100377,B1042Q-2/3,"Kudrow Fabric Bed with Storage(Grey,Queen) - SIDE RAILS",10,TBD,8,9/13/2021,5,2
3/16/2021,100377,B1042Q-3/3,"Kudrow Fabric Bed with Storage(Grey,Queen) - FOOTBOARD+DRAWERS+FOOT",10,TBD,8,9/13/2021,5,2
3/16/2021,100378,B1014K-1/4,"ANNISTON Fabric Bed with Storage(Grey,King) - HEADBOARD",34,TBD,0,9/15/2021,16,6
3/16/2021,100378,B1014K-2/4,"ANNISTON Fabric Bed with Storage(Grey,King) - SIDE RAILS",34,TBD,0,9/15/2021,18,6
3/16/2021,100378,B1014K-3/4,"ANNISTON Fabric Bed with Storage(Grey,King) - FOOTBOARD+SLATS",34,TBD,0,9/15/2021,20,6
3/16/2021,100378,B1014K-4/4,"ANNISTON Fabric Bed with Storage(Grey,King) - DRAWERS",34,TBD,0,9/15/2021,16,6
3/16/2021,100378,B1014Q-1/4,"ANNISTON Fabric Bed with Storage(Grey,Queen) - HEADBOARD",15,TBD,0,9/15/2021,8,5
3/16/2021,100378,B1014Q-2/4,"ANNISTON Fabric Bed with Storage(Grey,Queen) - SIDE RAILS",15,TBD,0,9/15/2021,8,5
3/16/2021,100378,B1014Q-3/4,"ANNISTON Fabric Bed with Storage(Grey,Queen) - FOOTBOARD+SLATS",15,TBD,0,9/15/2021,8,5
3/16/2021,100378,B1014Q-4/4,"ANNISTON Fabric Bed with Storage(Grey,Queen) - DRAWERS",15,TBD,0,9/15/2021,8,5
3/16/2021,100378,B1021K-1/3,"Maple Fabric Bed(Light Grey,King) - HEADBOARD",20,TBD,0,9/15/2021,21,7
3/16/2021,100378,B1021K-2/3,"Maple Fabric Bed(Light Grey,King) - SIDE RAILS",20,TBD,0,9/15/2021,21,7
3/16/2021,100378,B1021K-3/3,"Maple Fabric Bed(Light Grey,King) - FOOTBOARD+SLATS",20,TBD,0,9/15/2021,21,7
3/16/2021,100378,B1021Q-1/3,"Maple Fabric Bed(Light Grey,Queen) - HEADBOARD",15,TBD,0,9/15/2021,9,6
3/16/2021,100378,B1021Q-2/3,"Maple Fabric Bed(Light Grey,Queen) - SIDE RAILS",15,TBD,0,9/15/2021,11,6
3/16/2021,100378,B1021Q-3/3,"Maple Fabric Bed(Light Grey,Queen) - FOOTBOARD+SLATS",15,TBD,0,9/15/2021,9,6
3/16/2021,100378,B1041K-1/3,"Lina Leather Bed (Grey,King) - HEADBOARD + FOOTBOARD",20,TBD,16,9/15/2021,9,6
3/16/2021,100378,B1041K-2/3,"Lina Leather Bed (Grey,King) - SIDE RAILS",20,TBD,16,9/15/2021,9,6
3/16/2021,100378,B1041K-3/3,"Lina Leather Bed (Grey,King) - SLATS+ FOOT",20,TBD,16,9/15/2021,9,6
3/16/2021,100378,B1041Q-1/3,"Lina Leather Bed (Grey,Queen) - HEADBOARD + FOOTBOARD",20,TBD,16,9/15/2021,10,6
3/16/2021,100378,B1041Q-2/3,"Lina Leather Bed (Grey,Queen) - SIDE RAILS",20,TBD,16,9/15/2021,10,6
3/16/2021,100378,B1041Q-3/3,"Lina Leather Bed (Grey,Queen) - SLATS+ FOOT",20,TBD,16,9/15/2021,10,6
3/16/2021,100378,B1042K-1/3,"Kudrow Fabric Bed with Storage(Grey,King) - HEADBOARD + DRAWERS",10,TBD,0,9/15/2021,5,2
3/16/2021,100378,B1042K-2/3,"Kudrow Fabric Bed with Storage(Grey,King) - SIDE RAILS",10,TBD,0,9/15/2021,5,2
3/16/2021,100378,B1042K-3/3,"Kudrow Fabric Bed with Storage(Grey,King) - FOOTBOARD+DRAWERS+FOOT",10,TBD,0,9/15/2021,5,2
3/16/2021,100378,B1042Q-1/3,"Kudrow Fabric Bed with Storage(Grey,Queen) - HEADBOARD + DRAWERS",10,TBD,0,9/15/2021,5,2
3/16/2021,100378,B1042Q-2/3,"Kudrow Fabric Bed with Storage(Grey,Queen) - SIDE RAILS",10,TBD,0,9/15/2021,5,2
3/16/2021,100378,B1042Q-3/3,"Kudrow Fabric Bed with Storage(Grey,Queen) - FOOTBOARD+DRAWERS+FOOT",10,TBD,0,9/15/2021,5,2
3/16/2021,100380,S1029,MARLON Fabric Sofa(Pink),2,JXLU7850449,0,6/15/2021,4,1
3/16/2021,100380,S1030,MARLON Fabric Sofa(Grey),5,JXLU7850449,0,6/15/2021,8,2
3/16/2021,100380,S1032,FONDA Fabric Sofa(Blue),10,JXLU7850449,8,6/15/2021,6,2
3/16/2021,100380,S1033,FONDA Fabric Sofa(Velvet Dark Grey),2,JXLU7850449,0,6/15/2021,8,2
3/16/2021,100380,S1034,FONDA Fabric Sofa(Green),2,JXLU7850449,0,6/15/2021,5,1
3/16/2021,100380,S1036,FONDA Fabric Chair(Fabric Grey),4,JXLU7850449,2,6/15/2021,3,0
3/16/2021,100380,S1039,MORENO Fabric Sofa(Grey),4,JXLU7850449,0,6/15/2021,3,1
3/16/2021,100380,S1040,MORENO Fabric Sofa(Blue),4,JXLU7850449,3,6/15/2021,1,1
3/16/2021,100380,S1041,OWEN Fabric Sofa(Grey),10,JXLU7850449,0,6/15/2021,27,6
3/16/2021,100380,S1042,AUDREY Fabric Sofa(Grey),4,JXLU7850449,0,6/15/2021,0,1
3/16/2021,100380,S1043,AUDREY Fabric Sofa(Blue),4,JXLU7850449,0,6/15/2021,2,2
3/16/2021,100380,S1045,AUDREY Fabric Sofa(Pink),4,JXLU7850449,0,6/15/2021,6,3
3/16/2021,100380,S1047,AUDREY Fabric Chair(Blue),4,JXLU7850449,0,6/15/2021,8,0
3/16/2021,100380,S1048,AUDREY Fabric Chair(Green),5,JXLU7850449,2,6/15/2021,2,1
3/21/2021,100429,T1650,MILAN Leather Side Chair(Brown),200,GCXU5437090,140,6/15/2021,74,36
3/21/2021,100429,T1651,MILAN Leather Side Chair(Black),200,GCXU5437090,80,6/15/2021,100,0
3/21/2021,100429,T1652,MILAN Fabric Side Chair(Grey),200,GCXU5437090,85,6/15/2021,62,22
3/21/2021,100429,T1663,MILAN Leather Armchair(Black),200,GCXU5437090,78,6/15/2021,172,42
3/21/2021,100429,T5180,"MILAN Leather Side Chair(Navy Blue,Faux Walnut)",200,GCXU5437090,68,6/15/2021,6,16
3/21/2021,100429,T5407,"MILAN Leather Counter Stool(65cm,Brown)",200,GCXU5437090,0,6/15/2021,172,18
3/21/2021,100429,T5408,"MILAN Leather Counter Stool(65cm,White)",200,GCXU5437090,0,6/15/2021,18,10
3/21/2021,100429,T5482,WALTER Fabric Chair(Blue),200,GCXU5437090,0,6/15/2021,55,15
3/21/2021,100429,T5498,BLAKE Leather Dining Chair(Black),200,GCXU5437090,16,6/15/2021,22,5
3/21/2021,100429,T5626,"Monroe Leather Bar Stool(75cm,Black)",200,GCXU5437090,0,6/15/2021,66,14
3/21/2021,100429,T5630,"Madison Leather Bar Stool(75cm,Black)",200,GCXU5437090,12,6/15/2021,20,6
3/22/2021,100433,T1650,MILAN Leather Side Chair(Brown),200,GCXU5436875,0,6/15/2021,74,36
3/22/2021,100433,T1651,MILAN Leather Side Chair(Black),200,GCXU5436875,64,6/15/2021,100,0
3/22/2021,100433,T1663,MILAN Leather Armchair(Black),200,GCXU5436875,32,6/15/2021,172,42
3/22/2021,100433,T5180,"MILAN Leather Side Chair(Navy Blue,Faux Walnut)",200,GCXU5436875,0,6/15/2021,6,16
3/22/2021,100433,T5407,"MILAN Leather Counter Stool(65cm,Brown)",200,GCXU5436875,0,6/15/2021,172,18
3/22/2021,100433,T5482,WALTER Fabric Chair(Blue),200,GCXU5436875,0,6/15/2021,55,15
3/22/2021,100433,T5623,Monroe Leather Dining Chair(Black),200,GCXU5436875,0,6/15/2021,27,22
3/22/2021,100433,T5625,"Monroe Leather Counter Stool(65cm,Black)",200,GCXU5436875,52,6/15/2021,38,12
3/22/2021,100433,T5626,"Monroe Leather Bar Stool(75cm,Black)",200,GCXU5436875,0,6/15/2021,66,14
3/22/2021,100433,T5630,"Madison Leather Bar Stool(75cm,Black)",200,GCXU5436875,8,6/15/2021,20,6
3/22/2021,100433,T5662,"BLAKE Leather Bar Stool(75cm,Black)",200,GCXU5436875,0,6/15/2021,20,0
3/22/2021,100433,T5671,Milan Leather Bench(Black),200,GCXU5436875,0,6/15/2021,57,11
3/22/2021,100433,T5682,WALTER Leather Chair(Black),200,GCXU5436875,20,6/15/2021,18,2
3/22/2021,100433,T5716,MILAN Leather Armchair(Dark Grey),200,GCXU5436875,20,6/15/2021,18,20
3/22/2021,100433,T5846,MILAN Fabric Dining Chair(Yellow),200,GCXU5436875,0,6/15/2021,93,34
3/22/2021,100435,T1651,MILAN Leather Side Chair(Black),200,MSMU5198554,0,7/20/2021,100,0
3/22/2021,100435,T5180,"MILAN Leather Side Chair(Navy Blue,Faux Walnut)",200,MSMU5198554,0,7/20/2021,6,16
3/22/2021,100435,T5407,"MILAN Leather Counter Stool(65cm,Brown)",200,MSMU5198554,64,7/20/2021,172,18
3/22/2021,100435,T5504,"ELI Leather Counter Stool(65cm,Blue)",200,MSMU5198554,64,7/20/2021,24,18
3/22/2021,100435,T5624,Monroe Leather Dining Chair(Green),200,MSMU5198554,64,7/20/2021,0,2
3/22/2021,100435,T5670,Monroe Leather Dining Chair(Grey),200,MSMU5198554,80,7/20/2021,77,6
3/22/2021,100435,T5713,MILAN Leather Side Chair(Dark Grey),200,MSMU5198554,256,7/20/2021,100,0
3/22/2021,100435,T5724,"MILAN Fabric Counter Stool(65cm,Grey)",200,MSMU5198554,46,7/20/2021,29,10
3/24/2021,100440,T0844,ESSEN Fabric Armchair (Blue Patchwork),200,FFAU1971488,35,6/25/2021,25,10
3/24/2021,100440,T0862,ESSEN Fabric Sidechair (Grey Patchwork),200,FFAU1971488,16,6/25/2021,11,2
3/24/2021,100440,T0969,Geometric Chair(Black),200,FFAU1971488,20,6/25/2021,19,21
3/24/2021,100440,T1322,ESSEN Fabric Armchair (Multicolour Patchwork),200,FFAU1971488,80,6/25/2021,59,19
3/24/2021,100440,T1431,MASTER Chair (Black),200,FFAU1971488,0,6/25/2021,100,0
3/24/2021,100440,T1481,"INDUSTRIE Backrest Counter Stool Wood Seat (65cm,Black)",200,FFAU1971488,0,6/25/2021,9,4
3/24/2021,100440,T1486,"INDUSTRIE Backrest Bar Stool Wood Seat(75cm,Black)",200,FFAU1971488,0,6/25/2021,18,22
3/24/2021,100440,T1491,"INDUSTRIE Counter Stool Wood Seat(65cm,Black)",200,FFAU1971488,80,6/25/2021,56,22
3/24/2021,100440,T1509,INDUSTRIE Side Chair Wood Seat(Black),200,FFAU1971488,48,6/25/2021,24,14
3/24/2021,100441,T1322,ESSEN Fabric Armchair (Multicolour Patchwork),200,MSMU5358971,0,7/10/2021,59,19
3/24/2021,100441,T1431,MASTER Chair (Black),200,MSMU5358971,300,7/10/2021,100,0
3/24/2021,100441,T1509,INDUSTRIE Side Chair Wood Seat(Black),200,MSMU5358971,0,7/10/2021,24,14
3/24/2021,100441,T5938,Featherstone Contour Lounge Chair (Patchwork) UPDATED,200,MSMU5358971,0,7/10/2021,0,0
3/25/2021,100443,Y1011,X Bench Leg Black,200,MSMU8891428,200,7/15/2021,0,-2
3/25/2021,100443,Y1013,U Bench Leg Black,200,MSMU8891428,0,7/15/2021,38,4
3/25/2021,100443,Y1016,U Bench Leg Chrome,200,MSMU8891428,0,7/15/2021,0,28
3/25/2021,100443,Y2001,U Dining Table Leg Black,200,MSMU8891428,240,7/15/2021,100,0
3/25/2021,100443,Y2002,X Dining Table Leg Chrome,200,MSMU8891428,0,7/15/2021,30,18
3/25/2021,100443,Y2003,X Dining Table Leg Black,200,MSMU8891428,450,7/15/2021,100,0
3/25/2021,100443,Y2019,U Dining Table Leg Chrome,200,MSMU8891428,36,7/15/2021,34,16
3/25/2021,100443,Y2079,Z Bench Leg Black,200,MSMU8891428,0,7/15/2021,0,4
3/25/2021,100444,Y1011,X Bench Leg Black,200,TGBU5419340,0,7/15/2021,0,-2
3/25/2021,100444,Y1013,U Bench Leg Black,200,TGBU5419340,80,7/15/2021,38,4
3/25/2021,100444,Y1016,U Bench Leg Chrome,200,TGBU5419340,0,7/15/2021,0,28
3/25/2021,100444,Y2001,U Dining Table Leg Black,200,TGBU5419340,300,7/15/2021,100,0
3/25/2021,100444,Y2002,X Dining Table Leg Chrome,200,TGBU5419340,80,7/15/2021,30,18
3/25/2021,100444,Y2003,X Dining Table Leg Black,200,TGBU5419340,450,7/15/2021,100,0
4/1/2021,100453,A0016,EDRICE Bull Head Scrap Metal Sculpture,200,MSDU7239240,0,7/25/2021,106,52
4/1/2021,100453,T1523-1/2,"Tulip Marble Dining Table(90cm,Round) - Table Top",200,MSDU7239240,6,7/25/2021,4,2
4/1/2021,100453,T1523-2/2,"Tulip Marble Dining Table(90cm,Round) - Table Base",200,MSDU7239240,6,7/25/2021,4,2
4/1/2021,100453,T5697,NUBIA Side Table (Nickel),200,MSDU7239240,10,7/25/2021,8,8
4/1/2021,100453,T5698,KLEO Coffee Table (Copper),200,MSDU7239240,32,7/25/2021,24,8
4/1/2021,100453,T5700,NANU Coffee Table,200,MSDU7239240,0,7/25/2021,3,0
4/1/2021,100453,T5703,"JOMANA Side Table (Large,Copper)",200,MSDU7239240,0,7/25/2021,78,6
4/1/2021,100453,T5704,RANA Counter Stool (65cm),200,MSDU7239240,0,7/25/2021,23,9
4/1/2021,100453,T5708,MIRO Wall Shelf,200,MSDU7239240,0,7/25/2021,7,2
4/1/2021,100453,T5771,NUBIA Side Table (Brass),200,MSDU7239240,0,7/25/2021,7,2
4/1/2021,100453,T5772-1/2,MAYE Coffee Table (Marble) - TOP,200,MSDU7239240,20,7/25/2021,8,3
4/1/2021,100453,T5772-2/2,MAYE Coffee Table (Marble) - BASE,200,MSDU7239240,20,7/25/2021,8,3
4/1/2021,100453,T5773,MAYE Side Table (Marble),200,MSDU7239240,30,7/25/2021,30,2
4/1/2021,100453,T5774,"Tulip Marble Dining Table(74cm,Round)",200,MSDU7239240,0,7/25/2021,8,2
4/1/2021,100453,T5781,JOVIE Metal Side Table,200,MSDU7239240,20,7/25/2021,16,4
4/1/2021,100453,T5782-1/2,BERENIKE Marble Dining Table - Table Top,200,MSDU7239240,3,7/25/2021,1,1
4/1/2021,100453,T5782-2/2,BERENIKE Marble Dining Table - Table Base,200,MSDU7239240,3,7/25/2021,1,1
4/1/2021,100453,T5783,BERENIKE Marble Side Table,200,MSDU7239240,20,7/25/2021,15,5
4/5/2021,100457,T1653,CALEB Vintage Leather Armchair(Brown),200,TEMU8182761,46,7/1/2021,77,14
4/5/2021,100457,T1654,CALEB Vintage Leather Armchair(Black),200,TEMU8182761,70,7/1/2021,66,13
4/5/2021,100457,T1655,CAL Leather Chair(Brown),200,TEMU8182761,54,7/1/2021,69,18
4/5/2021,100457,T1656,CAL Leather Chair(Black),200,TEMU8182761,68,7/1/2021,96,13
4/5/2021,100457,T5465,"CAL Leather Counter Stool(65cm,Black)",200,TEMU8182761,40,7/1/2021,4,-2
4/5/2021,100457,T5680,Bali Dining Chair(Blue),200,TEMU8182761,38,7/1/2021,45,5
4/5/2021,100457,T5681,Bali Dining Chair(Green),200,TEMU8182761,34,7/1/2021,19,3
4/5/2021,100457,T5749,PAISLEY Leather Side Chair(Black),200,TEMU8182761,48,7/1/2021,31,9
4/5/2021,100457,T5759,"Bali Fabric Counter Stool(65cm,Blue)",200,TEMU8182761,30,7/1/2021,22,0
4/5/2021,100457,T5761,"Bali Fabric Counter Stool(65cm,Green)",200,TEMU8182761,20,7/1/2021,36,7
4/5/2021,100458,T1653,CALEB Vintage Leather Armchair(Brown),200,,0,7/10/2021,77,14
4/5/2021,100458,T1655,CAL Leather Chair(Brown),200,,0,7/10/2021,69,18
4/5/2021,100458,T1656,CAL Leather Chair(Black),200,,0,7/10/2021,96,13
4/5/2021,100458,T5465,"CAL Leather Counter Stool(65cm,Black)",200,,0,7/10/2021,4,-2
4/5/2021,100458,T5680,Bali Dining Chair(Blue),200,,0,7/10/2021,45,5
4/5/2021,100458,T5681,Bali Dining Chair(Green),200,,0,7/10/2021,19,3
4/5/2021,100458,T5749,PAISLEY Leather Side Chair(Black),200,,0,7/10/2021,31,9
4/5/2021,100458,T5751,PAISLEY Leather Side Chair(Grey),200,,0,7/10/2021,3,1
4/5/2021,100458,T5759,"Bali Fabric Counter Stool(65cm,Blue)",200,,0,7/10/2021,22,0
4/5/2021,100458,T5760,"Bali Fabric Bar Stool(75cm,Blue)",200,,0,7/10/2021,20,8
4/5/2021,100458,T5762,"Bali Fabric Bar Stool(75cm,Green)",200,,0,7/10/2021,16,4
4/5/2021,100459,T1653,CALEB Vintage Leather Armchair(Brown),200,,0,8/1/2021,77,14
4/5/2021,100459,T1654,CALEB Vintage Leather Armchair(Black),200,,12,8/1/2021,66,13
4/5/2021,100459,T1656,CAL Leather Chair(Black),200,,0,8/1/2021,96,13
4/5/2021,100459,T5680,Bali Dining Chair(Blue),200,,0,8/1/2021,45,5
4/5/2021,100459,T5760,"Bali Fabric Bar Stool(75cm,Blue)",200,,30,8/1/2021,20,8
4/5/2021,100459,T5762,"Bali Fabric Bar Stool(75cm,Green)",200,,20,8/1/2021,16,4
4/5/2021,100460,T5880,BRANSON Leather Dining Chair(Black),200,,92,8/15/2021,66,20
4/5/2021,100460,T5881,BRANSON Leather Dining Chair(Brown),200,,0,8/15/2021,14,-12
4/5/2021,100460,T5882,BRANSON Leather Dining Chair(Grey),200,,0,8/15/2021,16,16
4/5/2021,100460,T5883,BRANSON Velvet Dining Chair(Blue),200,,0,8/15/2021,11,8
4/5/2021,100460,T5884,BRANSON Velvet Dining Chair(Green),200,,0,8/15/2021,24,16
4/5/2021,100460,T5885,BRANSON Velvet Dining Chair(Beige),200,,0,8/15/2021,18,2
4/5/2021,100460,T5886,"BRANSON Leather Counter Stool(65cm,Black)",200,,0,8/15/2021,1,0
4/5/2021,100460,T5887,"BRANSON Leather Counter Stool(65cm,Brown)",200,,0,8/15/2021,22,16
4/5/2021,100460,T5888,"BRANSON Leather Counter Stool(65cm,Grey)",200,,0,8/15/2021,14,6
4/5/2021,100460,T5889,"BRANSON Velvet Counter Stool(65cm,Blue)",200,,68,8/15/2021,46,20
4/5/2021,100460,T5890,"BRANSON Velvet Counter Stool(65cm,Green)",200,,40,8/15/2021,24,16
4/5/2021,100460,T5891,"BRANSON Velvet Counter Stool(65cm,Beige)",200,,85,8/15/2021,78,25
4/5/2021,100461,T1654,CALEB Vintage Leather Armchair(Black),200,,0,8/15/2021,66,13
4/5/2021,100461,T1655,CAL Leather Chair(Brown),200,,0,8/15/2021,69,18
4/5/2021,100461,T1656,CAL Leather Chair(Black),200,,0,8/15/2021,96,13
4/5/2021,100461,T5392,"CAL Leather Counter Stool(65cm,Brown)",200,,0,8/15/2021,5,9
4/5/2021,100461,T5465,"CAL Leather Counter Stool(65cm,Black)",200,,0,8/15/2021,4,-2
4/5/2021,100461,T5681,Bali Dining Chair(Green),200,,0,8/15/2021,19,3
4/5/2021,100461,T5759,"Bali Fabric Counter Stool(65cm,Blue)",200,,0,8/15/2021,22,0
4/5/2021,100461,T5760,"Bali Fabric Bar Stool(75cm,Blue)",200,,0,8/15/2021,20,8
4/5/2021,100461,T5762,"Bali Fabric Bar Stool(75cm,Green)",200,,0,8/15/2021,16,4
4/5/2021,100461,T5880,BRANSON Leather Dining Chair(Black),200,,0,8/15/2021,66,20
4/5/2021,100462,T1656,CAL Leather Chair(Black),200,,0,8/20/2021,96,13
4/5/2021,100462,T5681,Bali Dining Chair(Green),200,,0,8/20/2021,19,3
4/5/2021,100462,T5880,BRANSON Leather Dining Chair(Black),200,,0,8/20/2021,66,20
4/5/2021,100462,T5881,BRANSON Leather Dining Chair(Brown),200,,0,8/20/2021,14,-12
4/5/2021,100462,T5882,BRANSON Leather Dining Chair(Grey),200,,0,8/20/2021,16,16
4/5/2021,100462,T5883,BRANSON Velvet Dining Chair(Blue),200,,0,8/20/2021,11,8
4/5/2021,100462,T5884,BRANSON Velvet Dining Chair(Green),200,,0,8/20/2021,24,16
4/5/2021,100462,T5885,BRANSON Velvet Dining Chair(Beige),200,,0,8/20/2021,18,2
4/5/2021,100462,T5886,"BRANSON Leather Counter Stool(65cm,Black)",200,,0,8/20/2021,1,0
4/5/2021,100462,T5887,"BRANSON Leather Counter Stool(65cm,Brown)",200,,0,8/20/2021,22,16
4/5/2021,100462,T5888,"BRANSON Leather Counter Stool(65cm,Grey)",200,,0,8/20/2021,14,6
4/5/2021,100462,T5889,"BRANSON Velvet Counter Stool(65cm,Blue)",200,,0,8/20/2021,46,20
4/5/2021,100462,T5890,"BRANSON Velvet Counter Stool(65cm,Green)",200,,0,8/20/2021,24,16
4/5/2021,100462,T5891,"BRANSON Velvet Counter Stool(65cm,Beige)",200,,0,8/20/2021,78,25
4/5/2021,100463,T1654,CALEB Vintage Leather Armchair(Black),200,,0,9/5/2021,66,13
4/5/2021,100463,T1655,CAL Leather Chair(Brown),200,,0,9/5/2021,69,18
4/5/2021,100463,T5392,"CAL Leather Counter Stool(65cm,Brown)",200,,0,9/5/2021,5,9
4/5/2021,100463,T5465,"CAL Leather Counter Stool(65cm,Black)",200,,0,9/5/2021,4,-2
4/5/2021,100463,T5881,BRANSON Leather Dining Chair(Brown),200,,24,9/5/2021,14,-12
4/5/2021,100463,T5882,BRANSON Leather Dining Chair(Grey),200,,40,9/5/2021,16,16
4/5/2021,100463,T5883,BRANSON Velvet Dining Chair(Blue),200,,28,9/5/2021,11,8
4/5/2021,100463,T5884,BRANSON Velvet Dining Chair(Green),200,,40,9/5/2021,24,16
4/5/2021,100463,T5885,BRANSON Velvet Dining Chair(Beige),200,,24,9/5/2021,18,2
4/5/2021,100463,T5886,"BRANSON Leather Counter Stool(65cm,Black)",200,,0,9/5/2021,1,0
4/5/2021,100463,T5887,"BRANSON Leather Counter Stool(65cm,Brown)",200,,40,9/5/2021,22,16
4/5/2021,100463,T5888,"BRANSON Leather Counter Stool(65cm,Grey)",200,,24,9/5/2021,14,6
4/5/2021,100463,T5891,"BRANSON Velvet Counter Stool(65cm,Beige)",200,,25,9/5/2021,78,25
4/6/2021,100468,B1037Q-1/2,ARIA Acacia Bed(Queen) - HEADBOARD + FOOTBOARD + MATTRESS SLATS + CENTRE SUPPORT LEGS + METAL LEGS,200,,0,7/9/2021,1,4
4/6/2021,100468,B1037Q-2/2,ARIA Acacia Bed(Queen) - SIDE RAILS+CENTER SUPPORT,200,,0,7/9/2021,1,4
4/6/2021,100468,B1038Q-1/2,MADRID Acacia Bed(Queen) - HEADBOARD + FOOTBOARD + MATTRESS SLATS + CENTRE SUPPORT LEGS + METAL LEGS,200,,20,7/9/2021,14,5
4/6/2021,100468,B1038Q-2/2,MADRID Acacia Bed(Queen) - SIDE RAILS+CENTER SUPPORT,200,,20,7/9/2021,15,5
4/6/2021,100468,T5274,ROSWELL Industrial Acacia Live Edge Wood Bookcase,200,,20,7/9/2021,13,5
4/6/2021,100468,T5598,CABARNE Acacia Sideboard,200,,12,7/9/2021,7,3
4/6/2021,100468,T5639,HOLMEN Acacia Bar Table (160cm),200,,32,7/9/2021,24,8
4/6/2021,100468,T5640,MAZA Acacia Console Table (130cm),200,,16,7/9/2021,12,4
4/6/2021,100468,T5742,PALMA Acacia Dresser(6 drawer),200,,0,7/9/2021,9,2
4/6/2021,100468,T5908,SUNBURST - Mango Wood TV Unit,200,,0,7/9/2021,13,5
4/6/2021,100468,T5910,MAURA - Mango Wood TV Unit,200,,0,7/9/2021,24,4
4/6/2021,100469,B1036K-1/2,PALMA Acacia Bed(King) - HEADBOARD + FOOTBOARD + MATTRESS SLATS + CENTRE SUPPORT LEGS + METAL LEGS,200,,8,7/31/2021,5,1
4/6/2021,100469,B1036K-2/2,PALMA Acacia Bed(King) - SIDE RAILS+CENTER SUPPORT,200,,8,7/31/2021,6,1
4/6/2021,100469,B1039K-1/2,"MAURA Mango Bed(King) - HEADBOARD, SLATS, LEGS",200,,12,7/31/2021,6,4
4/6/2021,100469,B1039K-2/2,"MAURA Mango Bed(King) - SIDERAIL, CENTER SUPPORT, LEG SUPPORT",200,,12,7/31/2021,8,4
4/6/2021,100469,T5123,Rosewood Cube,200,,48,7/31/2021,35,7
4/6/2021,100469,T5710,VIENNA Mid Century Rustic Modern Bookshelf(Black),200,,24,7/31/2021,16,6
4/6/2021,100469,T5742,PALMA Acacia Dresser(6 drawer),200,,14,7/31/2021,9,2
4/6/2021,100469,T5763,MAURA Mango Night Stand,200,,40,7/31/2021,16,10
4/6/2021,100469,T5764,MAURA Mango Dresser,200,,16,7/31/2021,2,6
4/6/2021,100470,T5122,MADRID Acacia Sideboard,200,,12,7/31/2021,8,3
4/6/2021,100470,T5189,SELMA Mango Wood Round Coffee Table(Walnut),200,,52,7/31/2021,37,12
4/6/2021,100470,T5593,ARIA Acacia Sideboard,200,,8,7/31/2021,5,2
4/6/2021,100470,T5597,ARIA Acacia End Table,200,,40,7/31/2021,22,4
4/6/2021,100470,T5608,DUPONT Diamond Coffee Table,200,,24,7/31/2021,12,4
4/6/2021,100470,T5743,ARIA Acacia Dresser(6 drawer),200,,20,7/31/2021,13,0
4/6/2021,100470,T5744,MADRID Acacia Night Stand,200,,52,7/31/2021,39,13
4/6/2021,100470,T5745,MADRID Acacia Dresser(6 drawer),200,,12,7/31/2021,0,3
4/6/2021,100471,T5112,PALMA Mid Century Night Table,200,,40,7/31/2021,28,2
4/6/2021,100471,T5121,PALMA Mid Century Sideboard,200,,16,7/31/2021,10,3
4/6/2021,100471,T5131,LIMA Acacia TV Unit,200,,0,7/31/2021,7,5
4/6/2021,100471,T5595,ARIA Acacia Coffee Table,200,,12,7/31/2021,8,3
4/6/2021,100471,T5599,PALMA TV Unit,200,,12,7/31/2021,8,3
4/6/2021,100471,T5602,MEDELLIN Open Bookcase,200,,16,7/31/2021,10,4
4/6/2021,100471,T5608,DUPONT Diamond Coffee Table,200,,0,7/31/2021,12,4
4/6/2021,100471,T5611,CHARDONNAY Sideboard,200,,12,7/31/2021,8,4
4/6/2021,100471,T5676,AROSA Sideboard (Natural),200,,8,7/31/2021,1,1
4/6/2021,100472,T5698,KLEO Coffee Table (Copper),200,,0,8/14/2021,24,8
4/6/2021,100472,T5708,MIRO Wall Shelf,100,,0,8/14/2021,7,2
4/6/2021,100472,T5709,AZIZA Book Shelf,100,,0,8/14/2021,0,0
4/6/2021,100472,T5772-1/2,MAYE Coffee Table (Marble) - TOP,100,,0,8/14/2021,8,3
4/6/2021,100472,T5772-2/2,MAYE Coffee Table (Marble) - BASE,100,,0,8/14/2021,8,3
4/6/2021,100472,T5775,ALZEA Side Table,100,,0,8/14/2021,0,0
4/6/2021,100472,T5776,ANIYA Metal Coffee Table(Large),100,,0,8/14/2021,0,0
4/6/2021,100472,T5777,ANIYA Metal Coffee Table(Small),100,,0,8/14/2021,0,0
4/6/2021,100472,T5778,CLIA Marble Drink Table,100,,0,8/14/2021,0,0
4/6/2021,100472,T5779-1/2,JOVIE Metal Coffee Table - TABLETOP,100,,0,8/14/2021,-2,0
4/6/2021,100472,T5779-2/2,JOVIE Metal Coffee Table - BASE,100,,0,8/14/2021,-1,0
4/6/2021,100472,T5781,JOVIE Metal Side Table,100,,0,8/14/2021,16,4
4/6/2021,100472,T5783,BERENIKE Marble Side Table,100,,0,8/14/2021,15,5
4/6/2021,100472,T5784,MIATA Side Table(Brass),100,,0,8/14/2021,0,0
4/6/2021,100472,T5787,OZMA Metal Coffee Table,100,,0,8/14/2021,0,0
4/6/2021,100472,T5939,KLEO Coffee Table (Black),100,,0,8/14/2021,0,0
4/8/2021,100358,A0270,MAYSON Area Rug (5 x 8),100,,0,11/1/2021,0,0
4/8/2021,100358,A0271,HARLOW Area Rug (5 x 8),100,,0,11/1/2021,0,0
4/8/2021,100358,A0272,TRELLA Area Rug (8 x 10),100,,0,11/1/2021,0,0
4/8/2021,100358,A0273,TRELLA Area Rug (2 x 8),100,,0,11/1/2021,0,0
4/8/2021,100358,A0274,NALA Area Rug (5 x 8),100,,0,11/1/2021,0,0
4/8/2021,100358,A0275,RIVA Area Rug (5 x 8),100,,0,11/1/2021,0,0
4/8/2021,100358,A0276,KYLA Area Rug (5 x 8),100,,0,11/1/2021,0,0
4/8/2021,100358,A0277,AVERLY Area Rug (5 x 8),100,,0,11/1/2021,0,0
4/8/2021,100358,A0278,KAYA Area rug (8 x 10),100,,0,11/1/2021,0,0
4/8/2021,100358,A0279,NOVA Area Rug (5 x 8),100,,0,11/1/2021,0,0
4/8/2021,100358,A0280,LARK Area Rug (6 x 9),100,,0,11/1/2021,0,0
4/9/2021,100479,A0081,CAMERON Ottoman(Grey),100,,16,7/20/2021,12,4
4/9/2021,100479,A0082,CAMERON Ottoman(Blue),100,,0,7/20/2021,5,2
4/9/2021,100479,A0083,CAMERON Ottoman(Pink),100,,16,7/20/2021,12,4
4/9/2021,100479,T5728,Dior Leather Lounge Chair(Brown),100,,40,7/20/2021,28,8
4/9/2021,100479,T5729,Dior Leather Lounge Chair(Black),100,,0,7/20/2021,20,5
4/9/2021,100479,T5730,Gloria Leather Dining Chair(Brown),100,,0,7/20/2021,53,7
4/9/2021,100479,T5835,NOLAN Office Chair,100,,0,7/20/2021,17,4
4/9/2021,100479,T5836,RIDLEY Bar Stool(Black),100,,72,7/20/2021,52,18
4/9/2021,100479,T6008,Brook Fabric Lounge Chair(Pink) - UPDATED,100,,0,7/20/2021,0,0
4/9/2021,100480,T5732,Brook Leather Lounge Chair(Brown),100,MSMU7957500,0,7/20/2021,100,35
4/9/2021,100480,T6004,Brook Leather Lounge Chair(Black) - UPDATED,100,MSMU7957500,0,7/20/2021,0,0
4/9/2021,100481,A0081,CAMERON Ottoman(Grey),100,,0,7/20/2021,12,4
4/9/2021,100481,A0082,CAMERON Ottoman(Blue),100,,0,7/20/2021,5,2
4/9/2021,100481,A0083,CAMERON Ottoman(Pink),100,,0,7/20/2021,12,4
4/9/2021,100481,T5729,Dior Leather Lounge Chair(Black),100,,0,7/20/2021,20,5
4/9/2021,100481,T5732,Brook Leather Lounge Chair(Brown),100,,0,7/20/2021,100,35
4/9/2021,100481,T5835,NOLAN Office Chair,100,,0,7/20/2021,17,4
4/9/2021,100481,T6005,Brook Fabric Lounge Chair(Grey) - UPDATED,100,,0,7/20/2021,16,4
4/9/2021,100481,T6008,Brook Fabric Lounge Chair(Pink) - UPDATED,100,,0,7/20/2021,0,0
4/20/2021,100504,S1034,FONDA Fabric Sofa(Green),100,MSMU8345026,0,7/19/2021,5,1
4/20/2021,100504,S1035,FONDA Fabric Sofa(Fabric Grey),100,MSMU8345026,5,7/19/2021,4,1
4/20/2021,100504,S1050,GRANT SOFA(Grey),100,MSMU8345026,0,7/19/2021,6,0
4/20/2021,100504,S1060,MASON Armless Chair Module(White),100,MSMU8345026,0,7/19/2021,8,4
4/20/2021,100504,S1061,MASON Corner Module(White),100,MSMU8345026,0,7/19/2021,6,-1
4/20/2021,100504,S1062,MASON Ottoman(White),100,MSMU8345026,0,7/19/2021,4,1
4/21/2021,100506,T5654,KODA Suar Wood Bench(120),100,CAIU429477,0,10/24/2021,10,5
4/21/2021,100506,T5687,KODA Suar Root Wood Console(176-200),100,CAIU429477,0,10/24/2021,1,1
4/21/2021,100506,T5688,KODA Suar Root Wood Console(201-250),100,CAIU429477,0,10/24/2021,3,1
4/21/2021,100506,T5689,KODA Suar Root Wood TV Unit,100,CAIU429477,3,10/24/2021,1,0
4/21/2021,100506,T5690,KODA Suar Root Wood Night Table,100,CAIU429477,0,10/24/2021,18,1
4/21/2021,100506,X2016,"Live Edge Suar Table Top(180cm,Natural)",100,CAIU429477,0,10/24/2021,11,13
4/21/2021,100506,X2018,"Live Edge Suar Table Top(210cm,Natural)",100,CAIU429477,0,10/24/2021,47,19
4/21/2021,100506,X2044,"Live Edge Suar Bench Top(145cm,Natural)",100,CAIU429477,0,10/24/2021,9,12
4/21/2021,100506,X2045,"Live Edge Suar Bench Top(205cm,Natural)",100,CAIU429477,0,10/24/2021,9,2
4/21/2021,100506,X2112,"Live Edge Suar Table Top(300cm,Natural)",100,CAIU429477,0,10/24/2021,2,5
4/21/2021,100506,X2113,"Live Edge Suar Table Top(250cm,Natural)",100,CAIU429477,0,10/24/2021,8,3
4/21/2021,100506,X2114,"Suar Straight Cut Table Top(180cm,Natural)",100,CAIU429477,0,10/24/2021,15,5
4/21/2021,100506,X2115,"Suar Straight Cut Table Top(210cm,Natural)",100,CAIU429477,0,10/24/2021,1,1
4/21/2021,100506,X2116,"Suar Straight Cut Table Top(250cm,Natural)",100,CAIU429477,0,10/24/2021,8,2
4/21/2021,100506,X2119,"Live Edge Suar Table Top(160cm,Natural)",100,CAIU429477,0,10/24/2021,48,17
4/21/2021,100507,T5654,KODA Suar Wood Bench(120),100,,0,11/8/2021,10,5
4/21/2021,100507,T5688,KODA Suar Root Wood Console(201-250),100,,0,11/8/2021,3,1
4/21/2021,100507,T5689,KODA Suar Root Wood TV Unit,100,,0,11/8/2021,1,0
4/21/2021,100507,T5690,KODA Suar Root Wood Night Table,100,,0,11/8/2021,18,1
4/21/2021,100507,X2016,"Live Edge Suar Table Top(180cm,Natural)",100,,0,11/8/2021,11,13
4/21/2021,100507,X2018,"Live Edge Suar Table Top(210cm,Natural)",100,,0,11/8/2021,47,19
4/21/2021,100507,X2044,"Live Edge Suar Bench Top(145cm,Natural)",100,,0,11/8/2021,9,12
4/21/2021,100507,X2045,"Live Edge Suar Bench Top(205cm,Natural)",100,,0,11/8/2021,9,2
4/21/2021,100507,X2112,"Live Edge Suar Table Top(300cm,Natural)",100,,0,11/8/2021,2,5
4/21/2021,100507,X2113,"Live Edge Suar Table Top(250cm,Natural)",100,,0,11/8/2021,8,3
4/21/2021,100507,X2114,"Suar Straight Cut Table Top(180cm,Natural)",100,,0,11/8/2021,15,5
4/21/2021,100507,X2115,"Suar Straight Cut Table Top(210cm,Natural)",100,,0,11/8/2021,1,1
4/21/2021,100507,X2116,"Suar Straight Cut Table Top(250cm,Natural)",100,,0,11/8/2021,8,2
4/21/2021,100507,X2119,"Live Edge Suar Table Top(160cm,Natural)",100,,0,11/8/2021,48,17
4/21/2021,100508,T5949,COTY Mango Wood Sideboard,100,,0,9/25/2021,0,0
4/21/2021,100508,T5950,ALLEGRA Acacia Sideboard,100,,0,9/25/2021,0,0
4/21/2021,100508,T5951,KAI Mango Wood Dresser (3 drawer),100,,0,9/25/2021,0,0
4/21/2021,100508,T5952,ADDISON Dresser (6 drawer),100,,0,9/25/2021,0,0
4/21/2021,100508,T5953,MAIA Mango Wood Night Stand,100,,0,9/25/2021,0,0
4/21/2021,100508,T5954,MADELINA Acacia Sideboard,100,,0,9/25/2021,0,0
4/21/2021,100508,X1100,"Acacia Live Edge Bench Top(145cm,Natural)",100,,0,9/25/2021,83,17
4/21/2021,100508,X2001,"Acacia Live Edge Dining Table Top(180cm,Natural)",100,,0,9/25/2021,35,15
4/21/2021,100508,X2003,"Acacia Straight Table Top(180cm,Natural)",100,,0,9/25/2021,9,6
4/21/2021,100508,X2010,"Acacia Live Edge Table Top(210cm,Natural)",100,,0,9/25/2021,81,4
4/21/2021,100508,X2022,"Acacia Live Edge Table Top(150cm,Natural)",100,,0,9/25/2021,31,17
4/21/2021,100508,X2030,"Acacia Straight Table Top(210cm,Natural)",100,,0,9/25/2021,16,8
4/21/2021,100508,X2033,"Acacia Straight Table Top(180cm,Honey)",100,,0,9/25/2021,3,6
4/21/2021,100508,X2034,"Acacia Live Edge Table top(180cm,Honey)",100,,0,9/25/2021,15,3
4/21/2021,100508,X2036,"Acacia Live Edge Table top(210cm,Honey)",100,,0,9/25/2021,10,2
4/21/2021,100508,X2039,"Acacia Live Edge Bench Top(205cm,Honey)",100,,0,9/25/2021,2,0
4/21/2021,100508,X2040,"Acacia Live Edge Bench Top(145cm,Honey)",100,,0,9/25/2021,6,2
4/21/2021,100508,X2049,"Acacia Live Edge Table top(150cm,Honey)",100,,0,9/25/2021,21,14
4/21/2021,100508,X2122,"Acacia Live Edge Bench Top(145cm,3.5cm,Honey)",100,,0,9/25/2021,0,0
4/21/2021,100508,X2123,"Acacia Live Edge Bench Top(145cm,3.5cm,Natural)",100,,0,9/25/2021,0,0
4/21/2021,100508,X2124,"Acacia Live Edge Table Top(180cm,3.5cm,Natural)",100,,0,9/25/2021,0,0
4/21/2021,100508,X2125,"Acacia Live Edge Table Top(150cm,3.5cm,Natural)",100,,0,9/25/2021,0,0
4/21/2021,100508,X2126,"Acacia Live Edge Table top(180cm,3.5cm,Honey)",100,,0,9/25/2021,0,0
4/22/2021,100510,T1651,MILAN Leather Side Chair(Black),100,,0,7/4/2021,100,0
4/22/2021,100510,T1652,MILAN Fabric Side Chair(Grey),100,,0,7/4/2021,62,22
4/22/2021,100510,T5180,"MILAN Leather Side Chair(Navy Blue,Faux Walnut)",100,,0,7/4/2021,6,16
4/22/2021,100510,T5484,WALTER Leather Chair(Grey),100,,0,7/4/2021,9,3
4/22/2021,100510,T5499,BLAKE Leather Dining Chair(Brown),100,,24,7/4/2021,16,8
4/22/2021,100510,T5500,"BLAKE Leather Counter Stool(65cm,Black)",100,,32,7/4/2021,15,3
4/22/2021,100510,T5501,"BLAKE Leather Counter Stool(65cm,Brown)",100,,72,7/4/2021,38,18
4/22/2021,100510,T5505,"ELI Leather Counter Stool(65cm,Grey)",100,,0,7/4/2021,74,20
4/22/2021,100510,T5615,WALTER Fabric Chair(Green),100,,0,7/4/2021,1,0
4/22/2021,100510,T5623,Monroe Leather Dining Chair(Black),100,,96,7/4/2021,27,22
4/22/2021,100510,T5625,"Monroe Leather Counter Stool(65cm,Black)",100,,24,7/4/2021,38,12
4/22/2021,100510,T5626,"Monroe Leather Bar Stool(75cm,Black)",100,,32,7/4/2021,66,14
4/22/2021,100510,T5630,"Madison Leather Bar Stool(75cm,Black)",100,,0,7/4/2021,20,6
4/22/2021,100510,T5662,"BLAKE Leather Bar Stool(75cm,Black)",100,,0,7/4/2021,20,0
4/22/2021,100510,T5845,Duvall Leather Dining Chair(Brown),100,,0,7/4/2021,44,12
4/22/2021,100510,T5846,MILAN Fabric Dining Chair(Yellow),100,,0,7/4/2021,93,34
4/22/2021,100513,T1651,MILAN Leather Side Chair(Black),100,,0,8/9/2021,100,0
4/22/2021,100513,T5390,"MILAN Leather Side Chair(White,Faux Walnut)",100,,0,8/9/2021,70,24
4/22/2021,100513,T5408,"MILAN Leather Counter Stool(65cm,White)",100,,0,8/9/2021,18,10
4/22/2021,100513,T5483,WALTER Fabric Chair(Grey),100,,48,8/9/2021,26,16
4/22/2021,100513,T5670,Monroe Leather Dining Chair(Grey),100,,0,8/9/2021,77,6
4/22/2021,100513,T5672,Milan Leather Bench(Brown),100,,0,8/9/2021,126,21
4/22/2021,100513,T5682,WALTER Leather Chair(Black),100,,0,8/9/2021,18,2
4/22/2021,100513,T5713,MILAN Leather Side Chair(Dark Grey),100,,0,8/9/2021,100,0
4/22/2021,100514,T1651,MILAN Leather Side Chair(Black),100,MSMU8708559,0,8/11/2021,100,0
4/22/2021,100514,T5390,"MILAN Leather Side Chair(White,Faux Walnut)",100,MSMU8708559,0,8/11/2021,70,24
4/22/2021,100514,T5960,"WALTER Leather Counter Stool(65cm,Black)",100,MSMU8708559,0,8/11/2021,0,0
4/22/2021,100514,T5961,"WALTER Leather Counter Stool(65cm,Brown)",100,MSMU8708559,0,8/11/2021,0,0
4/22/2021,100514,T5962,"WALTER Fabric Counter Stool(65cm,Blue)",100,MSMU8708559,0,8/11/2021,0,0
4/22/2021,100514,T5963,"WALTER Fabric Counter Stool(65cm,Green)",100,MSMU8708559,0,8/11/2021,0,0
4/22/2021,100514,T5964,"WALTER Fabric Counter Stool(65cm,Grey)",100,MSMU8708559,0,8/11/2021,0,0
4/22/2021,100514,T5965,WALTER Leather Chair(Brown),100,MSMU8708559,0,8/11/2021,0,0
4/22/2021,100514,T5966,"MILAN Fabric Counter Stool(65cm,Yellow)",100,MSMU8708559,0,8/11/2021,0,0
4/22/2021,100514,T5967,"MILAN Fabric Counter Stool(75cm,Yellow)",100,MSMU8708559,0,8/11/2021,0,0
4/22/2021,100515,T5498,BLAKE Leather Dining Chair(Black),100,,24,8/24/2021,22,5
4/22/2021,100515,T5499,BLAKE Leather Dining Chair(Brown),100,,0,8/24/2021,16,8
4/22/2021,100515,T5500,"BLAKE Leather Counter Stool(65cm,Black)",100,,0,8/24/2021,15,3
4/22/2021,100515,T5503,ELI Leather Dining chair(Grey),100,,0,8/24/2021,19,4
4/22/2021,100515,T5624,Monroe Leather Dining Chair(Green),100,,0,8/24/2021,0,2
4/22/2021,100515,T5625,"Monroe Leather Counter Stool(65cm,Black)",100,,0,8/24/2021,38,12
4/22/2021,100515,T5626,"Monroe Leather Bar Stool(75cm,Black)",100,,0,8/24/2021,66,14
4/22/2021,100515,T5627,"Monroe Leather Counter Stool(65cm,Green)",100,,28,8/24/2021,1,7
4/22/2021,100515,T5630,"Madison Leather Bar Stool(75cm,Black)",100,,0,8/24/2021,20,6
4/22/2021,100515,T5670,Monroe Leather Dining Chair(Grey),100,,0,8/24/2021,77,6
4/22/2021,100515,T5672,Milan Leather Bench(Brown),100,,0,8/24/2021,126,21
4/22/2021,100515,T5711,"Monroe Leather Counter Stool(65cm,Grey)",100,,0,8/24/2021,6,0
4/22/2021,100515,T5712,"Monroe Leather Bar Stool(75cm,Grey)",100,,28,8/24/2021,28,23
4/22/2021,100515,T5713,MILAN Leather Side Chair(Dark Grey),100,,0,8/24/2021,100,0
4/22/2021,100515,T5725,"MILAN Fabric Bar Stool(75cm,Grey)",100,,0,8/24/2021,11,12
4/22/2021,100516,T1651,MILAN Leather Side Chair(Black),100,MSMU5622111,0,9/3/2021,100,0
4/22/2021,100516,T1652,MILAN Fabric Side Chair(Grey),100,MSMU5622111,0,9/3/2021,62,22
4/22/2021,100516,T5180,"MILAN Leather Side Chair(Navy Blue,Faux Walnut)",100,MSMU5622111,0,9/3/2021,6,16
4/22/2021,100516,T5485,"WALTER Leather Counter Stool(65cm,Grey)",100,MSMU5622111,24,9/3/2021,20,7
4/22/2021,100516,T5503,ELI Leather Dining chair(Grey),100,MSMU5622111,0,9/3/2021,19,4
4/22/2021,100516,T5672,Milan Leather Bench(Brown),100,MSMU5622111,0,9/3/2021,126,21
4/22/2021,100516,T5682,WALTER Leather Chair(Black),100,MSMU5622111,0,9/3/2021,18,2
4/22/2021,100516,T5724,"MILAN Fabric Counter Stool(65cm,Grey)",100,MSMU5622111,0,9/3/2021,29,10
4/22/2021,100516,T5846,MILAN Fabric Dining Chair(Yellow),100,MSMU5622111,0,9/3/2021,93,34
4/22/2021,100516,T5847,Milan Fabric Bench(Yellow),100,MSMU5622111,0,9/3/2021,100,9
4/22/2021,100516,T5848,Milan Leather Bench(Grey),100,MSMU5622111,0,9/3/2021,44,12
4/22/2021,100517,T1651,MILAN Leather Side Chair(Black),100,MSMU5622390,0,9/8/2021,100,0
4/22/2021,100517,T1652,MILAN Fabric Side Chair(Grey),100,MSMU5622390,0,9/8/2021,62,22
4/22/2021,100517,T5390,"MILAN Leather Side Chair(White,Faux Walnut)",100,MSMU5622390,0,9/8/2021,70,24
4/22/2021,100517,T5503,ELI Leather Dining chair(Grey),100,MSMU5622390,0,9/8/2021,19,4
4/22/2021,100517,T5615,WALTER Fabric Chair(Green),100,MSMU5622390,0,9/8/2021,1,0
4/22/2021,100517,T5625,"Monroe Leather Counter Stool(65cm,Black)",100,MSMU5622390,0,9/8/2021,38,12
4/22/2021,100517,T5630,"Madison Leather Bar Stool(75cm,Black)",100,MSMU5622390,0,9/8/2021,20,6
4/22/2021,100517,T5682,WALTER Leather Chair(Black),100,MSMU5622390,0,9/8/2021,18,2
4/22/2021,100517,T5713,MILAN Leather Side Chair(Dark Grey),100,MSMU5622390,0,9/8/2021,100,0
4/22/2021,100517,T5724,"MILAN Fabric Counter Stool(65cm,Grey)",100,MSMU5622390,0,9/8/2021,29,10
4/22/2021,100518,T1652,MILAN Fabric Side Chair(Grey),100,MSMU5622636,0,9/20/2021,62,22
4/22/2021,100518,T5408,"MILAN Leather Counter Stool(65cm,White)",100,MSMU5622636,0,9/20/2021,18,10
4/22/2021,100518,T5485,"WALTER Leather Counter Stool(65cm,Grey)",100,MSMU5622636,0,9/20/2021,20,7
4/22/2021,100518,T5498,BLAKE Leather Dining Chair(Black),100,MSMU5622636,0,9/20/2021,22,5
4/22/2021,100518,T5500,"BLAKE Leather Counter Stool(65cm,Black)",100,MSMU5622636,0,9/20/2021,15,3
4/22/2021,100518,T5626,"Monroe Leather Bar Stool(75cm,Black)",100,MSMU5622636,0,9/20/2021,66,14
4/22/2021,100518,T5672,Milan Leather Bench(Brown),100,MSMU5622636,0,9/20/2021,126,21
4/22/2021,100518,T5682,WALTER Leather Chair(Black),100,MSMU5622636,0,9/20/2021,18,2
4/22/2021,100518,T5711,"Monroe Leather Counter Stool(65cm,Grey)",100,MSMU5622636,0,9/20/2021,6,0
4/22/2021,100518,T5713,MILAN Leather Side Chair(Dark Grey),100,MSMU5622636,0,9/20/2021,100,0
4/22/2021,100518,T5714,"MILAN Leather Counter Stool(65cm,Dark Grey)",100,MSMU5622636,0,9/20/2021,100,0
4/22/2021,100518,T5848,Milan Leather Bench(Grey),100,MSMU5622636,0,9/20/2021,44,12
4/22/2021,100519,T5483,WALTER Fabric Chair(Grey),100,MSMU5622596,0,9/20/2021,26,16
4/22/2021,100519,T5623,Monroe Leather Dining Chair(Black),100,MSMU5622596,0,9/20/2021,27,22
4/22/2021,100519,T5624,Monroe Leather Dining Chair(Green),100,MSMU5622596,0,9/20/2021,0,2
4/22/2021,100519,T5625,"Monroe Leather Counter Stool(65cm,Black)",100,MSMU5622596,0,9/20/2021,38,12
4/22/2021,100519,T5627,"Monroe Leather Counter Stool(65cm,Green)",100,MSMU5622596,0,9/20/2021,1,7
4/22/2021,100519,T5670,Monroe Leather Dining Chair(Grey),100,MSMU5622596,0,9/20/2021,77,6
4/22/2021,100519,T5672,Milan Leather Bench(Brown),100,MSMU5622596,0,9/20/2021,126,21
4/22/2021,100519,T5711,"Monroe Leather Counter Stool(65cm,Grey)",100,MSMU5622596,0,9/20/2021,6,0
4/22/2021,100519,T5712,"Monroe Leather Bar Stool(75cm,Grey)",100,MSMU5622596,0,9/20/2021,28,23
4/29/2021,100365 - 3,T5732,Brook Leather Lounge Chair(Brown),100,GLDU7632345,175,7/4/2021,100,35
4/29/2021,PO00000295T-5,B1049K-1/4,Brooklyn Platform Bed(King) - HEADBOARD,100,,0,8/30/2021,0,0
4/29/2021,PO00000295T-5,B1049K-2/4,Brooklyn Platform Bed(King) - SIDE RAILS,100,,0,8/30/2021,1,0
4/29/2021,PO00000295T-5,B1049K-3/4,Brooklyn Platform Bed(King) - FOOTBOARD,100,,0,8/30/2021,1,0
4/29/2021,PO00000295T-5,B1049K-4/4,Brooklyn Platform Bed(King) - DRAWERS,100,,0,8/30/2021,0,0
4/29/2021,PO00000295T-5,B1049Q-1/4,Brooklyn Platform Bed(Queen) - HEADBOARD,100,,0,8/30/2021,2,0
4/29/2021,PO00000295T-5,B1049Q-2/4,Brooklyn Platform Bed(Queen) - SIDE RAILS,100,,0,8/30/2021,2,0
4/29/2021,PO00000295T-5,B1049Q-3/4,Brooklyn Platform Bed(Queen) - FOOTBOARD,100,,0,8/30/2021,2,0
4/29/2021,PO00000295T-5,B1049Q-4/4,Brooklyn Platform Bed(Queen) - DRAWERS,100,,0,8/30/2021,2,0
4/29/2021,PO00000307 - 1,B1020K-1/3,"May Fabric Bed(Farmhouse Cream,King) - HEADBOARD",100,KKFU7883610,25,8/15/2021,0,0
4/29/2021,PO00000307 - 1,B1020K-2/3,"May Fabric Bed(Farmhouse Cream,King) - SIDE RAILS",100,KKFU7883610,25,8/15/2021,25,0
4/29/2021,PO00000307 - 1,B1020K-3/3,"May Fabric Bed(Farmhouse Cream,King) - FOOTBOARD + SLATS",100,KKFU7883610,25,8/15/2021,25,0
4/29/2021,PO00000307 - 1,B1020Q-1/3,"May Fabric Bed(Farmhouse Cream,Queen) - HEADBOARD",100,KKFU7883610,25,8/15/2021,0,0
4/29/2021,PO00000307 - 1,B1020Q-2/3,"May Fabric Bed(Farmhouse Cream,Queen) - SIDE RAILS",100,KKFU7883610,25,8/15/2021,25,0
4/29/2021,PO00000307 - 1,B1020Q-3/3,"May Fabric Bed(Farmhouse Cream,Queen) - FOOTBOARD + SLATS",100,KKFU7883610,25,8/15/2021,25,0
4/29/2021,PO00000307 - 1,B1053K-1/3,"Meredith Fabric Bed(Velvet Beige,King) - HEADBOARD",100,KKFU7883610,28,8/15/2021,36,0
4/29/2021,PO00000307 - 1,B1053K-2/3,"Meredith Fabric Bed(Velvet Beige,King) - FOOTBOARD",100,KKFU7883610,28,8/15/2021,43,0
4/29/2021,PO00000307 - 1,B1053K-3/3,"Meredith Fabric Bed(Velvet Beige,King) - SIDE RAILS",100,KKFU7883610,28,8/15/2021,18,0
4/29/2021,PO00000307 - 1,B1053Q-1/3,"Meredith Fabric Bed(Velvet Beige,Queen) - HEADBOARD",100,KKFU7883610,25,8/15/2021,31,0
4/29/2021,PO00000307 - 1,B1053Q-2/3,"Meredith Fabric Bed(Velvet Beige,Queen) - FOOTBOARD",100,KKFU7883610,25,8/15/2021,43,0
4/29/2021,PO00000307 - 1,B1053Q-3/3,"Meredith Fabric Bed(Velvet Beige,Queen) - SIDE RAILS",100,KKFU7883610,25,8/15/2021,43,0
4/30/2021,100523,S1072,AUDREY Fabric Sofa(Black),100,,0,9/7/2021,0,0
4/30/2021,100523,S1073,AUDREY Fabric Chair(Black),100,,0,9/7/2021,0,0
4/30/2021,100523,S1074,AUDREY Fabric Chair(Orange),100,,0,9/7/2021,0,0
4/30/2021,100523,S1075,AUDREY Fabric Chair(Purple),100,,0,9/7/2021,0,0
4/30/2021,100523,S1082,MASON Fabric Corner Chair Module(Dark Grey),100,,0,9/7/2021,0,0
4/30/2021,100523,S1083,MASON Fabric Armless Chair Module(Dark Grey),100,,0,9/7/2021,0,0
4/30/2021,100523,S1084,MASON Fabric Ottoman(Dark Grey),100,,0,9/7/2021,0,0
4/30/2021,100524,S1076,MASON Fabric Corner Chair Module(Velvet Blue),100,,0,9/7/2021,0,0
4/30/2021,100524,S1077,MASON Fabric Armless Chair Module(Velvet Blue),100,,0,9/7/2021,0,0
4/30/2021,100524,S1078,MASON Fabric Ottoman(Velvet Blue),100,,0,9/7/2021,0,0
4/30/2021,100524,S1082,MASON Fabric Corner Chair Module(Dark Grey),100,,0,9/7/2021,0,0
4/30/2021,100524,S1083,MASON Fabric Armless Chair Module(Dark Grey),100,,0,9/7/2021,0,0
4/30/2021,100524,S1084,MASON Fabric Ottoman(Dark Grey),100,,0,9/7/2021,0,0
5/3/2021,100525,T5973,CURVE Acacia Desk,100,,0,9/25/2021,0,0
5/3/2021,100525,T5974,CURVE Acacia Coffee Table,100,,0,9/25/2021,0,0
5/3/2021,100525,T5975,CURVE Acacia Bookshelf,100,,0,9/25/2021,0,0
5/3/2021,100525,T5976,ELANZA Acacia Bookshelf,100,,0,9/25/2021,0,0
5/3/2021,100525,T5977,AUBRIE Acacia Bookshelf,100,,0,9/25/2021,0,0
5/3/2021,100526,B1058K-1/3,ZAYA Mango Bed (King) - HEADBOARD,100,,0,9/25/2021,0,0
5/3/2021,100526,B1058K-2/3,ZAYA Mango Bed (King) - SIDERAILS + LEGS,100,,0,9/25/2021,0,0
5/3/2021,100526,B1058K-3/3,ZAYA Mango Bed (King) - SLATS,100,,0,9/25/2021,0,0
5/3/2021,100526,B1058Q-1/3,ZAYA Mango Bed (Queen) - Headboard,100,,0,9/25/2021,0,0
5/3/2021,100526,B1058Q-2/3,"ZAYA Mango Bed (Queen) - Siderails, Legs",100,,0,9/25/2021,0,0
5/3/2021,100526,B1058Q-3/3,ZAYA Mango Bed (Queen) - Slats,100,,0,9/25/2021,0,0
5/3/2021,100526,T5984,ZAYA Mango Sideboard,100,,0,9/25/2021,0,0
5/3/2021,100526,T5985,ZAYA Mango Coffee Table (Large),100,,0,9/25/2021,0,0
5/3/2021,100526,T5986,ZAYA Mango Coffee Table (Small),100,,0,9/25/2021,0,0
5/3/2021,100526,T5987,ZAYA Mango Wood Bookshelf,100,,0,9/25/2021,0,0
5/3/2021,100527,X1138,"Acacia Live Edge Bench Top(205cm,Natural)",100,,0,9/23/2021,15,7
5/3/2021,100527,X2001,"Acacia Live Edge Dining Table Top(180cm,Natural)",100,,0,9/23/2021,35,15
5/3/2021,100527,X2022,"Acacia Live Edge Table Top(150cm,Natural)",100,,0,9/23/2021,31,17
5/3/2021,100527,X2033,"Acacia Straight Table Top(180cm,Honey)",100,,0,9/23/2021,3,6
5/3/2021,100528,X1100,"Acacia Live Edge Bench Top(145cm,Natural)",100,,0,10/9/2021,83,17
5/3/2021,100528,X1138,"Acacia Live Edge Bench Top(205cm,Natural)",100,,0,10/9/2021,15,7
5/3/2021,100528,X2001,"Acacia Live Edge Dining Table Top(180cm,Natural)",100,,0,10/9/2021,35,15
5/3/2021,100528,X2022,"Acacia Live Edge Table Top(150cm,Natural)",100,,0,10/9/2021,31,17
5/3/2021,100528,X2034,"Acacia Live Edge Table top(180cm,Honey)",100,,0,10/9/2021,15,3
5/3/2021,100528,X2039,"Acacia Live Edge Bench Top(205cm,Honey)",100,,0,10/9/2021,2,0
5/3/2021,100528,X2046,"Acacia Straight Table Top(270cm,Natural)",100,,0,10/9/2021,5,1
5/3/2021,100528,X2049,"Acacia Live Edge Table top(150cm,Honey)",100,,0,10/9/2021,21,14
5/3/2021,100529,T5462,"Acacia Live Edge Coffee Table(Honey,X Black)NEW",100,,0,10/24/2021,33,10
5/3/2021,100529,X1100,"Acacia Live Edge Bench Top(145cm,Natural)",100,,0,10/24/2021,83,17
5/3/2021,100529,X2001,"Acacia Live Edge Dining Table Top(180cm,Natural)",100,,0,10/24/2021,35,15
5/3/2021,100529,X2022,"Acacia Live Edge Table Top(150cm,Natural)",100,,0,10/24/2021,31,17
5/3/2021,100529,X2034,"Acacia Live Edge Table top(180cm,Honey)",100,,0,10/24/2021,15,3
5/3/2021,100529,X2039,"Acacia Live Edge Bench Top(205cm,Honey)",100,,0,10/24/2021,2,0
5/3/2021,100529,X2049,"Acacia Live Edge Table top(150cm,Honey)",100,,0,10/24/2021,21,14
5/4/2021,100530,T5978,LINEA Mango Coffee Table(Large),100,,0,9/25/2021,0,0
5/4/2021,100530,T5979,LINEA Mango Coffee Table(Small),100,,0,9/25/2021,0,0
5/4/2021,100530,T5980,LINEA Mango TV Unit,100,,0,9/25/2021,0,0
5/4/2021,100530,T5981,LINEA Mango Sideboard,100,,0,9/25/2021,0,0
5/4/2021,100530,T5982,LINEA Mango Cabinet,100,,0,9/25/2021,0,0
5/4/2021,100530,T5983,LINEA Mango Side Table(Set),100,,0,9/25/2021,0,0
5/4/2021,100530,T5990,ZAYA Mango Night Stand,100,,0,9/25/2021,0,0
5/4/2021,100530,T5991,ZAYA Mango Dresser,100,,0,9/25/2021,0,0
5/4/2021,100530,T5992,ZAYA Mango Wood Writing Desk,100,,0,9/25/2021,0,0
5/6/2021,100531,T5696,FEMI coffee Table,100,,0,12/18/2021,10,10
5/6/2021,100531,T5697,NUBIA Side Table (Nickel),100,,0,12/18/2021,8,8
5/6/2021,100531,T5698,KLEO Coffee Table (Copper),100,,0,12/18/2021,24,8
5/6/2021,100531,T5708,MIRO Wall Shelf,100,,0,12/18/2021,7,2
5/6/2021,100531,T5709,AZIZA Book Shelf,100,,0,12/18/2021,0,0
5/6/2021,100531,T5771,NUBIA Side Table (Brass),100,,0,12/18/2021,7,2
5/6/2021,100531,T5772-1/2,MAYE Coffee Table (Marble) - TOP,100,,0,12/18/2021,8,3
5/6/2021,100531,T5772-2/2,MAYE Coffee Table (Marble) - BASE,100,,0,12/18/2021,8,3
5/6/2021,100531,T5773,MAYE Side Table (Marble),100,,0,12/18/2021,30,2
5/6/2021,100531,T5786,PALCO Marble Bar Table,100,,0,12/18/2021,0,0
5/6/2021,100531,T5787,OZMA Metal Coffee Table,100,,0,12/18/2021,0,0
5/6/2021,100532,T1651,MILAN Leather Side Chair(Black),100,,1068,7/9/2021,100,0
5/6/2021,100533,T1651,MILAN Leather Side Chair(Black),100,,0,7/19/2021,100,0
5/6/2021,100533,T5390,"MILAN Leather Side Chair(White,Faux Walnut)",100,,80,7/19/2021,70,24
5/6/2021,100533,T5406,"MILAN Leather Counter Stool(65cm,Black)",100,,0,7/19/2021,100,0
5/6/2021,100533,T5482,WALTER Fabric Chair(Blue),100,,80,7/19/2021,55,15
5/6/2021,100533,T5623,Monroe Leather Dining Chair(Black),100,,0,7/19/2021,27,22
5/6/2021,100533,T5846,MILAN Fabric Dining Chair(Yellow),100,,0,7/19/2021,93,34
5/6/2021,100534,T5808,AMINA Acacia Side Table(Large),100,,0,10/1/2021,0,0
5/6/2021,100534,T5809,AMINA Acacia Side Table(Small),100,,0,10/1/2021,0,0
5/6/2021,100534,T5810,LAYLA Rosewood Dining Table(Natural),100,,0,10/1/2021,0,0
5/6/2021,100534,T5812,LAYLA Rosewood Sideboard(Natural),100,,0,10/1/2021,-1,0
5/6/2021,100534,T5814,LAYLA Rosewood Coffee Table(Natural),100,,0,10/1/2021,0,0
5/6/2021,100534,T5815,IDRISSA Acacia Dining Table(Brown),100,,0,10/1/2021,0,0
5/6/2021,100534,T5816,IDRISSA Acacia Dining Bench(Brown),100,,0,10/1/2021,0,0
5/6/2021,100534,T5817,IDRISSA Acacia Coffee Table(Brown),100,,0,10/1/2021,1,0
5/6/2021,100534,T5818,IDRISSA Metal Bookcase,100,,0,10/1/2021,1,0
5/6/2021,100534,T5819,PIPER Acacia Dining Table(160cm),100,,0,10/1/2021,-1,1
5/6/2021,100534,T5820,PIPER Acacia Dining Bench(145cm),100,,0,10/1/2021,0,0
5/6/2021,100534,T5822,PIPER Acacia Sideboard,100,,0,10/1/2021,0,0
5/6/2021,100534,T5825,PAISLEY Rosewood Dining Table,100,,0,10/1/2021,0,0
5/6/2021,100534,T5827,IAN Rosewood Table with Wooden Plank Legs(195cm),100,,0,10/1/2021,0,0
5/6/2021,100534,X2118,Rosewood Live Edge Dining Table Top(195cm),100,,0,10/1/2021,22,8
5/6/2021,100535,Y1011,X Bench Leg Black,100,BMOU6890367,0,8/20/2021,0,-2
5/6/2021,100535,Y1012,X Bench Leg Chrome,100,BMOU6890367,0,8/20/2021,28,-4
5/6/2021,100535,Y1013,U Bench Leg Black,100,BMOU6890367,0,8/20/2021,38,4
5/6/2021,100535,Y1016,U Bench Leg Chrome,100,BMOU6890367,0,8/20/2021,0,28
5/6/2021,100535,Y2001,U Dining Table Leg Black,100,BMOU6890367,0,8/20/2021,100,0
5/6/2021,100535,Y2002,X Dining Table Leg Chrome,100,BMOU6890367,0,8/20/2021,30,18
5/6/2021,100535,Y2003,X Dining Table Leg Black,100,BMOU6890367,0,8/20/2021,100,0
5/6/2021,100535,Y2019,U Dining Table Leg Chrome,100,BMOU6890367,0,8/20/2021,34,16
5/6/2021,100535,Y2069,Hourglass Dining Table Leg Black,100,BMOU6890367,56,8/20/2021,36,14
5/6/2021,100535,Y2070,Hourglass Dining Table Leg Chrome,100,BMOU6890367,0,8/20/2021,20,10
5/6/2021,100535,Y2073,Z Dining Table Leg Black,100,BMOU6890367,0,8/20/2021,6,0
5/6/2021,100535,Y2074,Z Dining Table Leg Chrome,100,BMOU6890367,0,8/20/2021,12,8
5/6/2021,100535,Y2075,Hourglass Bench Leg Black,100,BMOU6890367,0,8/20/2021,0,8
5/6/2021,100535,Y2076,Hourglass Bench Leg Chrome,100,BMOU6890367,0,8/20/2021,6,4
5/6/2021,100535,Y2079,Z Bench Leg Black,100,BMOU6890367,0,8/20/2021,0,4
5/6/2021,100535,Y2080,Z Bench Leg Chrome,100,BMOU6890367,0,8/20/2021,4,6
5/6/2021,100536,Y1011,X Bench Leg Black,100,,0,8/20/2021,0,-2
5/6/2021,100536,Y1013,U Bench Leg Black,100,,0,8/20/2021,38,4
5/6/2021,100536,Y1016,U Bench Leg Chrome,100,,0,8/20/2021,0,28
5/6/2021,100536,Y2001,U Dining Table Leg Black,100,,0,8/20/2021,100,0
5/6/2021,100536,Y2002,X Dining Table Leg Chrome,100,,0,8/20/2021,30,18
5/6/2021,100536,Y2003,X Dining Table Leg Black,100,,0,8/20/2021,100,0
5/6/2021,100536,Y2019,U Dining Table Leg Chrome,100,,0,8/20/2021,34,16
5/6/2021,100537,B1017K-1/3,"Molly Fabric Bed(Light Grey,King) - HEADBOARD",100,,20,9/30/2021,15,4
5/6/2021,100537,B1017K-2/3,"Molly Fabric Bed(Light Grey,King) - SIDE RAILS",100,,20,9/30/2021,15,4
5/6/2021,100537,B1017K-3/3,"Molly Fabric Bed(Light Grey,King) - FOOTBOARD + SLATS",100,,20,9/30/2021,15,4
5/6/2021,100537,B1017Q-1/3,"Molly Fabric Bed(Light Grey,Queen) - HEADBOARD",100,,16,9/30/2021,10,4
5/6/2021,100537,B1017Q-2/3,"Molly Fabric Bed(Light Grey,Queen) - SIDE RAILS",100,,16,9/30/2021,11,4
5/6/2021,100537,B1017Q-3/3,"Molly Fabric Bed(Light Grey,Queen) - FOOTBOARD + SLATS",100,,16,9/30/2021,10,4
5/6/2021,100537,B1022K-1/3,"Maple Fabric Bed(Dark Blue,King) - HEADBOARD",100,,0,9/30/2021,4,1
5/6/2021,100537,B1022K-2/3,"Maple Fabric Bed(Dark Blue,King) - SIDE RAILS",100,,0,9/30/2021,4,1
5/6/2021,100537,B1022K-3/3,"Maple Fabric Bed(Dark Blue,King) - FOOTBOARD+SLATS",100,,0,9/30/2021,3,1
5/6/2021,100537,B1043K-1/3,"Kasidy Velvet Bed(Dark Grey,King) - HEADBOARD",100,,22,9/30/2021,14,5
5/6/2021,100537,B1043K-2/3,"Kasidy Velvet Bed(Dark Grey,King) - SIDE RAILS",100,,22,9/30/2021,14,5
5/6/2021,100537,B1043K-3/3,"Kasidy Velvet Bed(Dark Grey,King) - FOOTBOARD+SLATS",100,,22,9/30/2021,14,5
5/6/2021,100537,B1043Q-1/3,"Kasidy Velvet Bed(Dark Grey,Queen) - HEADBOARD",100,,16,9/30/2021,12,4
5/6/2021,100537,B1043Q-2/3,"Kasidy Velvet Bed(Dark Grey,Queen) - SIDE RAILS",100,,16,9/30/2021,12,4
5/6/2021,100537,B1043Q-3/3,"Kasidy Velvet Bed(Dark Grey,Queen) - FOOTBOARD+SLATS",100,,16,9/30/2021,12,4
5/6/2021,100537,B1044K-1/3,"Kasidy Fabric Bed(Yellow,King) - HEADBOARD",100,,8,9/30/2021,6,2
5/6/2021,100537,B1044K-2/3,"Kasidy Fabric Bed(Yellow,King) - FOOTBOARD",100,,8,9/30/2021,6,2
5/6/2021,100537,B1044K-3/3,"Kasidy Fabric Bed(Yellow,King) - SIDE RAILS",100,,8,9/30/2021,6,2
5/6/2021,100537,B1044Q-1/3,"Kasidy Fabric Bed(Yellow,Queen) - HEADBOARD",100,,0,9/30/2021,0,1
5/6/2021,100537,B1044Q-2/3,"Kasidy Fabric Bed(Yellow,Queen) - FOOTBOARD+SLATS",100,,0,9/30/2021,0,1
5/6/2021,100537,B1044Q-3/3,"Kasidy Fabric Bed(Yellow,Queen) - SIDE RAILS",100,,0,9/30/2021,0,1
5/6/2021,100538,B1025K-1/3,"Clara Fabric Bed(Light Grey,King) - HEADBOARD",100,,0,9/20/2021,-1,4
5/6/2021,100538,B1025K-2/3,"Clara Fabric Bed(Light Grey,King) - SIDE RAILS",100,,0,9/20/2021,4,4
5/6/2021,100538,B1025K-3/3,"Clara Fabric Bed(Light Grey,King) - FOOTBOARD + SLATS",100,,0,9/20/2021,3,4
5/6/2021,100538,B1031K-1/3,"Meredith Fabric Bed(Dark Grey,King) - HEADBOARD",100,,8,9/20/2021,7,2
5/6/2021,100538,B1031K-2/3,"Meredith Fabric Bed(Dark Grey,King) - FOOTBOARD",100,,8,9/20/2021,6,2
5/6/2021,100538,B1031K-3/3,"Meredith Fabric Bed(Dark Grey,King) - SIDE RAILS",100,,8,9/20/2021,6,2
5/6/2021,100538,B1031Q-1/3,"Meredith Fabric Bed(Dark Grey,Queen) - HEADBOARD",100,,0,9/20/2021,2,4
5/6/2021,100538,B1031Q-2/3,"Meredith Fabric Bed(Dark Grey,Queen) - FOOTBOARD",100,,0,9/20/2021,3,4
5/6/2021,100538,B1031Q-3/3,"Meredith Fabric Bed(Dark Grey,Queen) - SIDE RAILS",100,,0,9/20/2021,4,4
5/6/2021,100538,B1032Q-1/3,"Meredith Fabric Bed(Velvet Dark Blue,Queen) - HEADBOARD",100,,0,9/20/2021,0,1
5/6/2021,100538,B1032Q-2/3,"Meredith Fabric Bed(Velvet Dark Blue,Queen) - FOOTBOARD",100,,0,9/20/2021,1,1
5/6/2021,100538,B1032Q-3/3,"Meredith Fabric Bed(Velvet Dark Blue,Queen) - SIDE RAILS",100,,0,9/20/2021,0,1
5/6/2021,100538,B1033Q-1/3,"Meredith Fabric Bed(Velvet Pink,Queen) - HEADBOARD",100,,0,9/20/2021,-1,0
5/6/2021,100538,B1033Q-2/3,"Meredith Fabric Bed(Velvet Pink,Queen) - FOOTBOARD",100,,0,9/20/2021,1,0
5/6/2021,100538,B1033Q-3/3,"Meredith Fabric Bed(Velvet Pink,Queen) - SIDE RAILS",100,,0,9/20/2021,1,0
5/6/2021,100539,B1017K-1/3,"Molly Fabric Bed(Light Grey,King) - HEADBOARD",100,,0,11/18/2021,15,4
5/6/2021,100539,B1017K-2/3,"Molly Fabric Bed(Light Grey,King) - SIDE RAILS",100,,0,11/18/2021,15,4
5/6/2021,100539,B1017K-3/3,"Molly Fabric Bed(Light Grey,King) - FOOTBOARD + SLATS",100,,0,11/18/2021,15,4
5/6/2021,100539,B1017Q-1/3,"Molly Fabric Bed(Light Grey,Queen) - HEADBOARD",100,,0,11/18/2021,10,4
5/6/2021,100539,B1017Q-2/3,"Molly Fabric Bed(Light Grey,Queen) - SIDE RAILS",100,,0,11/18/2021,11,4
5/6/2021,100539,B1017Q-3/3,"Molly Fabric Bed(Light Grey,Queen) - FOOTBOARD + SLATS",100,,0,11/18/2021,10,4
5/6/2021,100539,B1022K-1/3,"Maple Fabric Bed(Dark Blue,King) - HEADBOARD",100,,0,11/18/2021,4,1
5/6/2021,100539,B1022K-2/3,"Maple Fabric Bed(Dark Blue,King) - SIDE RAILS",100,,0,11/18/2021,4,1
5/6/2021,100539,B1022K-3/3,"Maple Fabric Bed(Dark Blue,King) - FOOTBOARD+SLATS",100,,0,11/18/2021,3,1
5/6/2021,100539,B1025K-1/3,"Clara Fabric Bed(Light Grey,King) - HEADBOARD",100,,0,11/18/2021,-1,4
5/6/2021,100539,B1025K-2/3,"Clara Fabric Bed(Light Grey,King) - SIDE RAILS",100,,0,11/18/2021,4,4
5/6/2021,100539,B1025K-3/3,"Clara Fabric Bed(Light Grey,King) - FOOTBOARD + SLATS",100,,0,11/18/2021,3,4
5/6/2021,100539,B1032Q-1/3,"Meredith Fabric Bed(Velvet Dark Blue,Queen) - HEADBOARD",100,,0,11/18/2021,0,1
5/6/2021,100539,B1032Q-2/3,"Meredith Fabric Bed(Velvet Dark Blue,Queen) - FOOTBOARD",100,,0,11/18/2021,1,1
5/6/2021,100539,B1032Q-3/3,"Meredith Fabric Bed(Velvet Dark Blue,Queen) - SIDE RAILS",100,,0,11/18/2021,0,1
5/6/2021,100539,B1033Q-1/3,"Meredith Fabric Bed(Velvet Pink,Queen) - HEADBOARD",100,,0,11/18/2021,-1,0
5/6/2021,100539,B1033Q-2/3,"Meredith Fabric Bed(Velvet Pink,Queen) - FOOTBOARD",100,,0,11/18/2021,1,0
5/6/2021,100539,B1033Q-3/3,"Meredith Fabric Bed(Velvet Pink,Queen) - SIDE RAILS",100,,0,11/18/2021,1,0
5/6/2021,100540,B1021K-1/3,"Maple Fabric Bed(Light Grey,King) - HEADBOARD",100,,0,11/18/2021,21,7
5/6/2021,100540,B1021K-2/3,"Maple Fabric Bed(Light Grey,King) - SIDE RAILS",100,,0,11/18/2021,21,7
5/6/2021,100540,B1021K-3/3,"Maple Fabric Bed(Light Grey,King) - FOOTBOARD+SLATS",100,,0,11/18/2021,21,7
5/6/2021,100540,B1021Q-1/3,"Maple Fabric Bed(Light Grey,Queen) - HEADBOARD",100,,0,11/18/2021,9,6
5/6/2021,100540,B1021Q-2/3,"Maple Fabric Bed(Light Grey,Queen) - SIDE RAILS",100,,0,11/18/2021,11,6
5/6/2021,100540,B1021Q-3/3,"Maple Fabric Bed(Light Grey,Queen) - FOOTBOARD+SLATS",100,,0,11/18/2021,9,6
5/6/2021,100540,B1022Q-1/3,"Maple Fabric Bed(Dark Blue,Queen) - HEADBOARD",100,,0,11/18/2021,2,4
5/6/2021,100540,B1022Q-2/3,"Maple Fabric Bed(Dark Blue,Queen) - SIDE RAILS",100,,0,11/18/2021,1,4
5/6/2021,100540,B1022Q-3/3,"Maple Fabric Bed(Dark Blue,Queen) - FOOTBOARD+SLATS",100,,0,11/18/2021,1,4
5/6/2021,100540,B1023K-1/2,"Maria Fabric Bed(Light Grey,King) - HEADBOARD + FOOTBOARD",100,,0,11/18/2021,7,4
5/6/2021,100540,B1023K-2/2,"Maria Fabric Bed(Light Grey,King) - SIDE RAILS",100,,0,11/18/2021,7,4
5/6/2021,100540,B1023Q-1/2,"Maria Fabric Bed(Light Grey,Queen) - HEADBOARD + FOOTBOARD",100,,0,11/18/2021,12,0
5/6/2021,100540,B1023Q-2/2,"Maria Fabric Bed(Light Grey,Queen) - SIDE RAILS",100,,0,11/18/2021,0,0
5/6/2021,100540,B1032K-1/3,"Meredith Fabric Bed(Velvet Dark Blue,King) - HEADBOARD",100,,0,11/18/2021,10,3
5/6/2021,100540,B1032K-2/3,"Meredith Fabric Bed(Velvet Dark Blue,King) - FOOTBOARD",100,,0,11/18/2021,11,3
5/6/2021,100540,B1032K-3/3,"Meredith Fabric Bed(Velvet Dark Blue,King) - SIDE RAILS",100,,0,11/18/2021,12,3
5/6/2021,100540,B1033K-1/3,"Meredith Fabric Bed(Velvet Pink,King) - HEADBOARD",100,,0,11/18/2021,21,3
5/6/2021,100540,B1033K-2/3,"Meredith Fabric Bed(Velvet Pink,King) - FOOTBOARD",100,,0,11/18/2021,21,3
5/6/2021,100540,B1033K-3/3,"Meredith Fabric Bed(Velvet Pink,King) - SIDE RAILS",100,,0,11/18/2021,23,3
5/6/2021,100540,B1044K-1/3,"Kasidy Fabric Bed(Yellow,King) - HEADBOARD",100,,0,11/18/2021,6,2
5/6/2021,100540,B1044K-2/3,"Kasidy Fabric Bed(Yellow,King) - FOOTBOARD",100,,0,11/18/2021,6,2
5/6/2021,100540,B1044K-3/3,"Kasidy Fabric Bed(Yellow,King) - SIDE RAILS",100,,0,11/18/2021,6,2
5/6/2021,100541,B1014K-1/4,"ANNISTON Fabric Bed with Storage(Grey,King) - HEADBOARD",100,,0,11/18/2021,16,6
5/6/2021,100541,B1014K-2/4,"ANNISTON Fabric Bed with Storage(Grey,King) - SIDE RAILS",100,,0,11/18/2021,18,6
5/6/2021,100541,B1014K-3/4,"ANNISTON Fabric Bed with Storage(Grey,King) - FOOTBOARD+SLATS",100,,0,11/18/2021,20,6
5/6/2021,100541,B1014K-4/4,"ANNISTON Fabric Bed with Storage(Grey,King) - DRAWERS",100,,0,11/18/2021,16,6
5/6/2021,100541,B1014Q-1/4,"ANNISTON Fabric Bed with Storage(Grey,Queen) - HEADBOARD",100,,0,11/18/2021,8,5
5/6/2021,100541,B1014Q-2/4,"ANNISTON Fabric Bed with Storage(Grey,Queen) - SIDE RAILS",100,,0,11/18/2021,8,5
5/6/2021,100541,B1014Q-3/4,"ANNISTON Fabric Bed with Storage(Grey,Queen) - FOOTBOARD+SLATS",100,,0,11/18/2021,8,5
5/6/2021,100541,B1014Q-4/4,"ANNISTON Fabric Bed with Storage(Grey,Queen) - DRAWERS",100,,0,11/18/2021,8,5
5/6/2021,100541,B1060K-1/4,"ANNISTON Fabric Bed with Storage(Dark Blue,King) - HEADBOARD",100,,0,11/18/2021,0,0
5/6/2021,100541,B1060K-2/4,"ANNISTON Fabric Bed with Storage(Dark Blue,King) - SIDE RAILS",100,,0,11/18/2021,0,0
5/6/2021,100541,B1060K-3/4,"ANNISTON Fabric Bed with Storage(Dark Blue,King) - FOOTBOARD+SLATS",100,,0,11/18/2021,0,0
5/6/2021,100541,B1060K-4/4,"ANNISTON Fabric Bed with Storage(Dark Blue,King) - DRAWERS",100,,0,11/18/2021,0,0
5/6/2021,100541,B1060Q-1/4,"ANNISTON Fabric Bed with Storage(Dark Blue,Queen) - HEADBOARD",100,,0,11/18/2021,0,0
5/6/2021,100541,B1060Q-2/4,"ANNISTON Fabric Bed with Storage(Dark Blue,Queen) - SIDE RAILS",100,,0,11/18/2021,0,0
5/6/2021,100541,B1060Q-3/4,"ANNISTON Fabric Bed with Storage(Dark Blue,Queen) - FOOTBOARD+SLATS",100,,0,11/18/2021,0,0
5/6/2021,100541,B1060Q-4/4,"ANNISTON Fabric Bed with Storage(Dark Blue,Queen) - DRAWERS",100,,0,11/18/2021,0,0
5/6/2021,100541,B1061K-1/4,"ANNISTON Fabric Bed with Storage( Rose Pink,King) - HEADBOARD",100,,0,11/18/2021,0,0
5/6/2021,100541,B1061K-2/4,"ANNISTON Fabric Bed with Storage( Rose Pink,King) -SIDE RAILS",100,,0,11/18/2021,0,0
5/6/2021,100541,B1061K-3/4,"ANNISTON Fabric Bed with Storage( Rose Pink,King) - FOOTBOARD+SLATS",100,,0,11/18/2021,0,0
5/6/2021,100541,B1061K-4/4,"ANNISTON Fabric Bed with Storage( Rose Pink,King) - DRAWERS",100,,0,11/18/2021,0,0
5/6/2021,100541,B1061Q-1/4,"ANNISTON Fabric Bed with Storage( Rose Pink,Queen) - HEADBOARD",100,,0,11/18/2021,0,0
5/6/2021,100541,B1061Q-2/4,"ANNISTON Fabric Bed with Storage( Rose Pink,Queen) - SIDE RAILS",100,,0,11/18/2021,0,0
5/6/2021,100541,B1061Q-3/4,"ANNISTON Fabric Bed with Storage( Rose Pink,Queen) - FOOTBOARD+SLATS",100,,0,11/18/2021,0,0
5/6/2021,100541,B1061Q-4/4,"ANNISTON Fabric Bed with Storage( Rose Pink,Queen) - DRAWERS",100,,0,11/18/2021,0,0
5/10/2021,100543,B1039K-1/2,"MAURA Mango Bed(King) - HEADBOARD, SLATS, LEGS",100,,0,10/1/2021,6,4
5/10/2021,100543,B1039K-2/2,"MAURA Mango Bed(King) - SIDERAIL, CENTER SUPPORT, LEG SUPPORT",100,,0,10/1/2021,8,4
5/10/2021,100543,B1039Q-1/2,"MAURA Mango Bed(Queen) - HEADBOARD, SLATS, LEGS",100,,0,10/1/2021,-3,0
5/10/2021,100543,B1039Q-2/2,"MAURA Mango Bed(Queen) - SIDERAIL, CENTER SUPPORT, LEG SUPPORT",100,,0,10/1/2021,-3,0
5/10/2021,100543,T5764,MAURA Mango Dresser,100,,0,10/1/2021,2,6
5/10/2021,100543,T5988,MAURA Mango Tall Dresser (4 Drawer),100,,0,10/1/2021,0,0
5/10/2021,100544,B1059K-1/2,"WAIMEA Acacia Bed (King)-HEADBOARD, SLATS, LEGS",100,,0,10/1/2021,0,0
5/10/2021,100544,B1059K-2/2,"WAIMEA Acacia Bed (King)-SIDERAIL, CENTER SUPPORT, LEG SUPPORT",100,,0,10/1/2021,0,0
5/10/2021,100544,B1059Q-1/2,"WAIMEA Acacia Bed (Queen)-HEADBOARD, SLATS, LEGS",100,,0,10/1/2021,0,0
5/10/2021,100544,B1059Q-2/2,"WAIMEA Acacia Bed (Queen)-SIDERAIL, CENTER SUPPORT, LEG SUPPORT",100,,0,10/1/2021,0,0
5/10/2021,100544,T5763,MAURA Mango Night Stand,100,,0,10/1/2021,16,10
5/10/2021,100544,T5956,WAIMEA Acacia Sideboard,100,,0,10/1/2021,0,0
5/10/2021,100544,T5957,WAIMEA Acacia Night Stand,100,,0,10/1/2021,0,0
5/10/2021,100544,T5988,MAURA Mango Tall Dresser (4 Drawer),100,,0,10/1/2021,0,0
5/10/2021,100545,T0653,EIFFEL Leather Side Chair (Black),100,,0,8/9/2021,21,12
5/10/2021,100545,T1481,"INDUSTRIE Backrest Counter Stool Wood Seat (65cm,Black)",100,,0,8/9/2021,9,4
5/10/2021,100545,T1509,INDUSTRIE Side Chair Wood Seat(Black),100,,0,8/9/2021,24,14
5/10/2021,100545,T1614,"INDUSTRIE Armrest Bar Stool Wood Seat(75cm,Black)",100,,0,8/9/2021,0,2
5/10/2021,100546,T1431,MASTER Chair (Black),100,TRHU6858022,0,8/15/2021,100,0
5/10/2021,100546,T1432,MASTER Chair (White),100,TRHU6858022,0,8/15/2021,123,77
5/10/2021,100546,T1435,MASTER Chair (Yellow),100,TRHU6858022,0,8/15/2021,10,10
5/10/2021,100546,T5720,MASTER Chair (Blue),100,TRHU6858022,0,8/15/2021,0,17
5/10/2021,100547,T0653,EIFFEL Leather Side Chair (Black),100,MSMU5358800,0,8/17/2021,21,12
5/10/2021,100547,T0654,EIFFEL Leather Side Chair (White),100,MSMU5358800,0,8/17/2021,6,2
5/10/2021,100547,T1481,"INDUSTRIE Backrest Counter Stool Wood Seat (65cm,Black)",100,MSMU5358800,0,8/17/2021,9,4
5/10/2021,100547,T1509,INDUSTRIE Side Chair Wood Seat(Black),100,MSMU5358800,0,8/17/2021,24,14
5/10/2021,100547,T5938,Featherstone Contour Lounge Chair (Patchwork) UPDATED,100,MSMU5358800,0,8/17/2021,0,0
5/10/2021,100547,T5989,ESSEN Fabric Armchair (Orange Blue Patchwork),100,MSMU5358800,70,8/17/2021,50,20
5/10/2021,100548,T1431,MASTER Chair (Black),100,,0,8/17/2021,100,0
5/10/2021,100548,T1432,MASTER Chair (White),100,,0,8/17/2021,123,77
5/10/2021,100549,T0968,Geometric Chair(White),100,,0,8/22/2021,42,17
5/10/2021,100549,T0969,Geometric Chair(Black),100,,0,8/22/2021,19,21
5/10/2021,100549,T1435,MASTER Chair (Yellow),100,,0,8/22/2021,10,10
5/10/2021,100549,T1491,"INDUSTRIE Counter Stool Wood Seat(65cm,Black)",100,,0,8/22/2021,56,22
5/10/2021,100549,T1626,ESSEN Fabric Armchair (Grey Patchwork),100,,0,8/22/2021,40,3
5/10/2021,100549,T5938,Featherstone Contour Lounge Chair (Patchwork) UPDATED,100,,0,8/22/2021,0,0
5/10/2021,100550,T0653,EIFFEL Leather Side Chair (Black),100,,0,8/22/2021,21,12
5/10/2021,100550,T0654,EIFFEL Leather Side Chair (White),100,,0,8/22/2021,6,2
5/10/2021,100550,T0844,ESSEN Fabric Armchair (Blue Patchwork),100,,0,8/22/2021,25,10
5/10/2021,100550,T0850,ESSEN Fabric Sidechair (Blue Patchwork),100,,0,8/22/2021,-4,7
5/10/2021,100550,T0862,ESSEN Fabric Sidechair (Grey Patchwork),100,,0,8/22/2021,11,2
5/10/2021,100550,T1322,ESSEN Fabric Armchair (Multicolour Patchwork),100,,0,8/22/2021,59,19
5/10/2021,100550,T1323,ESSEN Fabric Sidechair(Multicolour Patchwork),100,,0,8/22/2021,82,22
5/10/2021,100551,T5732,Brook Leather Lounge Chair(Brown),100,,0,8/19/2021,100,35
5/10/2021,100551,T5839,WRIGHT Leather Dining Chair(Brown),100,,0,8/19/2021,22,15
5/10/2021,100551,T5840,LUCAS Desk,100,,0,8/19/2021,9,4
5/10/2021,100551,T6004,Brook Leather Lounge Chair(Black) - UPDATED,100,,0,8/19/2021,0,0
5/10/2021,100552,A0083,CAMERON Ottoman(Pink),100,,0,8/19/2021,12,4
5/10/2021,100552,A0084,CAMERON Ottoman(Green),100,,0,8/19/2021,11,3
5/10/2021,100552,T5728,Dior Leather Lounge Chair(Brown),100,,0,8/19/2021,28,8
5/10/2021,100552,T5731,Mariana Leather Dining Chair(Brown),100,,0,8/19/2021,88,4
5/10/2021,100552,T5733,Ari Dining Chair(Black),100,,0,8/19/2021,70,27
5/10/2021,100552,T5737,"Ari Bar Stool(75cm,Black)",100,,0,8/19/2021,85,20
5/10/2021,100552,T5835,NOLAN Office Chair,100,,0,8/19/2021,17,4
5/10/2021,100552,T5836,RIDLEY Bar Stool(Black),100,,0,8/19/2021,52,18
5/10/2021,100552,T5838,LEONE Leather Lounge Chair(Brown),100,,0,8/19/2021,6,2
5/10/2021,100552,T6008,Brook Fabric Lounge Chair(Pink) - UPDATED,100,,0,8/19/2021,0,0
5/13/2021,100553,X1138,"Acacia Live Edge Bench Top(205cm,Natural)",100,,0,9/30/2021,15,7
5/13/2021,100553,X2001,"Acacia Live Edge Dining Table Top(180cm,Natural)",100,,0,9/30/2021,35,15
5/13/2021,100553,X2003,"Acacia Straight Table Top(180cm,Natural)",100,,0,9/30/2021,9,6
5/13/2021,100553,X2004,"Acacia Straight Table Top(240cm,Natural)",100,,0,9/30/2021,14,5
5/13/2021,100553,X2010,"Acacia Live Edge Table Top(210cm,Natural)",100,,0,9/30/2021,81,4
5/13/2021,100553,X2030,"Acacia Straight Table Top(210cm,Natural)",100,,0,9/30/2021,16,8
5/13/2021,100553,X2034,"Acacia Live Edge Table top(180cm,Honey)",100,,0,9/30/2021,15,3
5/13/2021,100553,X2036,"Acacia Live Edge Table top(210cm,Honey)",100,,0,9/30/2021,10,2
5/20/2021,100555,S1052-1/2,Bryce Fabric Sectional Sofa(Grey) - TWO SEATER,100,BEAU6024270,31,8/29/2021,13,7
5/20/2021,100555,S1052-2/2,Bryce Fabric Sectional Sofa(Grey) - CHAISE LOUNGE,100,BEAU6024270,31,8/29/2021,12,7
5/20/2021,100556,S1052-1/2,Bryce Fabric Sectional Sofa(Grey) - TWO SEATER,100,TXGU5462910,0,8/29/2021,13,7
5/20/2021,100556,S1052-2/2,Bryce Fabric Sectional Sofa(Grey) - CHAISE LOUNGE,100,TXGU5462910,0,8/29/2021,12,7
5/20/2021,100559,S1028,MARLON Fabric Sofa(Green),100,MSMU8341946,0,8/18/2021,16,4
5/20/2021,100559,S1033,FONDA Fabric Sofa(Velvet Dark Grey),100,MSMU8341946,10,8/18/2021,8,2
5/20/2021,100559,S1041,OWEN Fabric Sofa(Grey),100,MSMU8341946,0,8/18/2021,27,6
5/20/2021,100559,S1042,AUDREY Fabric Sofa(Grey),100,MSMU8341946,0,8/18/2021,0,1
5/20/2021,100559,S1050,GRANT SOFA(Grey),100,MSMU8341946,0,8/18/2021,6,0
5/20/2021,100559,S1051,GRANT SOFA(Blue),100,MSMU8341946,0,8/18/2021,0,0
5/20/2021,100559,S1054,COSTELLO Fabric Sofa(Grey),100,MSMU8341946,6,8/18/2021,4,2
5/20/2021,100559,S1057,MASON Armless Chair Module(Grey),100,MSMU8341946,0,8/18/2021,15,8
5/20/2021,100559,S1058,MASON Corner Module(Grey),100,MSMU8341946,0,8/18/2021,22,8
5/20/2021,100559,S1060,MASON Armless Chair Module(White),100,MSMU8341946,0,8/18/2021,8,4
5/20/2021,100559,S1061,MASON Corner Module(White),100,MSMU8341946,0,8/18/2021,6,-1
5/20/2021,100559,S1062,MASON Ottoman(White),100,MSMU8341946,0,8/18/2021,4,1
5/20/2021,100560,S1033,FONDA Fabric Sofa(Velvet Dark Grey),100,,0,10/8/2021,8,2
5/20/2021,100560,S1035,FONDA Fabric Sofa(Fabric Grey),100,,0,10/8/2021,4,1
5/20/2021,100560,S1037-1/2,"FONDA Fabric Sectional Sofa(Fabric Grey,Left) - TWO SEATER",100,,0,10/8/2021,1,2
5/20/2021,100560,S1037-2/2,"FONDA Fabric Sectional Sofa(Fabric Grey,Left) - CHAISE LOUNGE",100,,0,10/8/2021,1,2
5/20/2021,100560,S1043,AUDREY Fabric Sofa(Blue),100,,0,10/8/2021,2,2
5/20/2021,100561,S1042,AUDREY Fabric Sofa(Grey),100,,0,10/8/2021,0,1
5/20/2021,100561,S1045,AUDREY Fabric Sofa(Pink),100,,0,10/8/2021,6,3
5/20/2021,100561,S1046,AUDREY Fabric Chair(Grey),100,,0,10/8/2021,0,2
5/20/2021,100561,S1048,AUDREY Fabric Chair(Green),100,,0,10/8/2021,2,1
5/20/2021,100561,S1050,GRANT SOFA(Grey),100,,0,10/8/2021,6,0
5/20/2021,100561,S1120-1/2,"FONDA Fabric Sectional Sofa(Velvet Blue,Left) - TWO SEATER",100,,0,10/8/2021,0,0
5/20/2021,100561,S1120-2/2,"FONDA Fabric Sectional Sofa(Velvet Blue,Left)- CHAISE LOUNGE",100,,0,10/8/2021,0,0
5/20/2021,100561,S1121-1/2,"FONDA Fabric Sectional Sofa(Velvet Blue,Right) - TWO SEATER",100,,0,10/8/2021,0,0
5/20/2021,100561,S1121-2/2,"FONDA Fabric Sectional Sofa(Velvet Blue,Right)- CHAISE LOUNGE",100,,0,10/8/2021,0,0
5/20/2021,100562,X2001,"Acacia Live Edge Dining Table Top(180cm,Natural)",100,,0,10/24/2021,35,15
5/20/2021,100562,X2003,"Acacia Straight Table Top(180cm,Natural)",100,,0,10/24/2021,9,6
5/20/2021,100562,X2022,"Acacia Live Edge Table Top(150cm,Natural)",100,,0,10/24/2021,31,17
5/20/2021,100562,X2049,"Acacia Live Edge Table top(150cm,Honey)",100,,0,10/24/2021,21,14
5/20/2021,100563,X1138,"Acacia Live Edge Bench Top(205cm,Natural)",100,,0,11/15/2021,15,7
5/20/2021,100563,X2003,"Acacia Straight Table Top(180cm,Natural)",100,,0,11/15/2021,9,6
5/20/2021,100563,X2010,"Acacia Live Edge Table Top(210cm,Natural)",100,,0,11/15/2021,81,4
5/20/2021,100563,X2030,"Acacia Straight Table Top(210cm,Natural)",100,,0,11/15/2021,16,8
5/20/2021,100563,X2033,"Acacia Straight Table Top(180cm,Honey)",100,,0,11/15/2021,3,6
5/20/2021,100563,X2034,"Acacia Live Edge Table top(180cm,Honey)",100,,0,11/15/2021,15,3
5/20/2021,100563,X2035,"Acacia Straight Table Top(210cm,Honey)",100,,0,11/15/2021,17,1
5/20/2021,100563,X2036,"Acacia Live Edge Table top(210cm,Honey)",100,,0,11/15/2021,10,2
5/20/2021,100563,X2039,"Acacia Live Edge Bench Top(205cm,Honey)",100,,0,11/15/2021,2,0
5/20/2021,100563,X2040,"Acacia Live Edge Bench Top(145cm,Honey)",100,,0,11/15/2021,6,2
5/20/2021,100564,X2001,"Acacia Live Edge Dining Table Top(180cm,Natural)",100,,0,1/8/2022,35,15
5/20/2021,100564,X2003,"Acacia Straight Table Top(180cm,Natural)",100,,0,1/8/2022,9,6
5/20/2021,100564,X2022,"Acacia Live Edge Table Top(150cm,Natural)",100,,0,1/8/2022,31,17
5/20/2021,100564,X2034,"Acacia Live Edge Table top(180cm,Honey)",100,,0,1/8/2022,15,3
5/20/2021,100564,X2049,"Acacia Live Edge Table top(150cm,Honey)",100,,0,1/8/2022,21,14
5/20/2021,100565,T5381-1/4,JONAVA Acacia Live Edge Table(Honey) - FOOTRAIL,100,,0,1/18/2022,13,2
5/20/2021,100565,T5381-2/4,JONAVA Acacia Live Edge Table(Honey) - CRANKS,100,,0,1/18/2022,13,3
5/20/2021,100565,T5381-3/4,JONAVA Acacia Live Edge Table(Honey) - LEGS,100,,0,1/18/2022,13,3
5/20/2021,100565,T5381-4/4,JONAVA Acacia Live Edge Table(Honey) - TOP,100,,0,1/18/2022,15,3
5/20/2021,100565,T5677-1/2,Estrela Live Edge Acacia Dining Table (160cm) - TOP,100,,0,1/18/2022,13,8
5/20/2021,100565,T5677-2/2,Estrela Live Edge Acacia Dining Table (160cm) - BASE,100,,0,1/18/2022,13,8
5/20/2021,100567,X2051,"Acacia Live Edge Table top(300cm,Honey)",100,,0,1/28/2022,12,3
5/20/2021,100568,A0281,ADELAIDE - Painting on Canvas (75x100),20,MSMU5007555,0,9/3/2021,0,0
5/20/2021,100568,A0282,BLOSSOM - Painting on Canvas (100x100),20,MSMU5007555,0,9/3/2021,0,0
5/20/2021,100568,A0283,AURORA - Painting on Canvas (100x100),20,MSMU5007555,0,9/3/2021,0,0
5/20/2021,100568,A0284,LAREDO - Painting on Canvas (100x100),20,MSMU5007555,0,9/3/2021,0,0
5/20/2021,100568,A0285,CALLIE - Painting on Canvas (100x100),20,MSMU5007555,0,9/3/2021,0,0
5/20/2021,100568,A0286,CLAIRE - Painting on Canvas (100x100),20,MSMU5007555,0,9/3/2021,0,0
5/20/2021,100568,A0287,HELENA - Painting on Canvas (50x180),20,MSMU5007555,0,9/3/2021,0,0
5/20/2021,100568,A0288,INDIRA - Painting on Canvas (50x180),20,MSMU5007555,0,9/3/2021,0,0
5/20/2021,100568,A0289,IMANI - Painting on Canvas (50x180),20,MSMU5007555,0,9/3/2021,0,0
5/20/2021,100568,A0290,MAYA - Painting on Canvas (50x180),20,MSMU5007555,0,9/3/2021,0,0
5/20/2021,100568,A0291,FALLYN - Painting on Canvas (90x120),20,MSMU5007555,0,9/3/2021,0,0
5/20/2021,100568,A0292,KIRA - Painting on Canvas (90x120),20,MSMU5007555,0,9/3/2021,0,0
5/20/2021,100568,A0293,VERONA - Painting on Canvas (90x120),20,MSMU5007555,0,9/3/2021,0,0
5/20/2021,100568,A0294,THEA - Painting on Canvas (90x120),20,MSMU5007555,0,9/3/2021,0,0
5/20/2021,100568,A0295,ASPEN - Painting on Canvas (90x120),20,MSMU5007555,0,9/3/2021,0,0
5/20/2021,100568,A0296,VERA - Painting on Canvas (90x120),20,MSMU5007555,0,9/3/2021,0,0
5/20/2021,100568,A0297,CARINA - Painting on Canvas (90x120),20,MSMU5007555,0,9/3/2021,0,0
5/20/2021,100568,A0298,CELESTE - Painting on Canvas (90x120),20,MSMU5007555,0,9/3/2021,0,0
5/20/2021,100568,A0299,GAIA - Painting on Canvas (90x120),20,MSMU5007555,0,9/3/2021,0,0
5/20/2021,100568,A0300,SAVANNAH - Painting on Canvas (90x120),20,MSMU5007555,0,9/3/2021,0,0
5/20/2021,100568,A0301,LEDA - Painting on Canvas (90x120),20,MSMU5007555,0,9/3/2021,0,0
5/20/2021,100568,A0302,SIENNA - Painting on Canvas (90x120),20,MSMU5007555,0,9/3/2021,0,0
5/20/2021,100568,A0303,JUNEAU - Painting on Canvas (90x120),20,MSMU5007555,0,9/3/2021,0,0
5/20/2021,100568,A0304,DANICA - Painting on Canvas (90x120),20,MSMU5007555,0,9/3/2021,0,0
5/20/2021,100568,A0305,ATLAS - Painting on Canvas (70x140),20,MSMU5007555,0,9/3/2021,0,0
5/20/2021,100568,A0306,KASHMERE - Painting on Canvas (70x140),20,MSMU5007555,0,9/3/2021,0,0
5/20/2021,100568,A0307,CODY - Painting on Canvas (70x140),20,MSMU5007555,0,9/3/2021,0,0
5/20/2021,100568,A0308,SWYFT - Painting on Canvas (70x140),20,MSMU5007555,0,9/3/2021,0,0
5/20/2021,100568,A0309,ARILA - Painting on Canvas (75x100),20,MSMU5007555,0,9/3/2021,0,0
5/20/2021,100568,A0310,ASTA - Painting on Canvas (75x100),20,MSMU5007555,0,9/3/2021,0,0
5/20/2021,100568,A0311,ADEL - Painting on Canvas (75x100),20,MSMU5007555,0,9/3/2021,0,0
5/20/2021,100568,A0312,HAVANA - Painting on Canvas (75x100),20,MSMU5007555,0,9/3/2021,0,0
5/20/2021,100568,A0313,ASTRA - Painting on Canvas (75x100),20,MSMU5007555,0,9/3/2021,0,0
5/20/2021,100568,A0314,LIBRIA - Painting on Canvas (75x100),20,MSMU5007555,0,9/3/2021,0,0
5/20/2021,100568,A0315,OWLETS - Painting on Canvas (100x100),20,MSMU5007555,0,9/3/2021,0,0
5/20/2021,100568,A0316,DAKOTA - Painting on Canvas (100x100),20,MSMU5007555,0,9/3/2021,0,0
5/20/2021,100568,A0317,RHEA - Painting on Canvas (90x120),20,MSMU5007555,0,9/3/2021,0,0
5/20/2021,100568,A0318,RHAPSODY - Painting on Canvas (90x120),20,MSMU5007555,0,9/3/2021,0,0
5/20/2021,100568,A0319,LOGAN - Painting on Canvas (90x120),20,MSMU5007555,0,9/3/2021,0,0
5/20/2021,100568,A0320,STELLA - Painting on Canvas (90x120),20,MSMU5007555,0,9/3/2021,0,0
5/20/2021,100568,A0321,BALAM - Painting on Canvas (90x120),20,MSMU5007555,0,9/3/2021,0,0
5/20/2021,100568,A0322,BELLA - Painting on Canvas (70x140),20,MSMU5007555,0,9/3/2021,0,0
5/20/2021,100568,A0323,ASTER - Painting on Canvas (70x140),20,MSMU5007555,0,9/3/2021,0,0
5/20/2021,100568,A0324,VEGA - Painting on Canvas (70x140),20,MSMU5007555,0,9/3/2021,0,0
5/20/2021,100568,A0325,CAMDEN - Painting on Canvas (100x150),20,MSMU5007555,0,9/3/2021,0,0
5/20/2021,PO00000307 - 2,B1052K-1/4,"Macy Fabric Bed with Storage(Velvet Beige,King) - HEADBOARD",60,BEAU6108643,44,8/15/2021,22,0
5/20/2021,PO00000307 - 2,B1052K-2/4,"Macy Fabric Bed with Storage(Velvet Beige,King) - SIDE RAILS+SLATS",60,BEAU6108643,44,8/15/2021,44,0
5/20/2021,PO00000307 - 2,B1052K-3/4,"Macy Fabric Bed with Storage(Velvet Beige,King) - FOOTBOARD",60,BEAU6108643,44,8/15/2021,44,0
5/20/2021,PO00000307 - 2,B1052K-4/4,"Macy Fabric Bed with Storage(Velvet Beige,King) - DRAWERS",60,BEAU6108643,44,8/15/2021,44,0
5/20/2021,PO00000307 - 2,B1052Q-1/4,"Macy Fabric Bed with Storage(Velvet Beige,Queen) - HEADBOARD",60,BEAU6108643,44,8/15/2021,44,0
5/20/2021,PO00000307 - 2,B1052Q-2/4,"Macy Fabric Bed with Storage(Velvet Beige,Queen) - SIDE RAILS+SLATS",60,BEAU6108643,44,8/15/2021,22,0
5/20/2021,PO00000307 - 2,B1052Q-3/4,"Macy Fabric Bed with Storage(Velvet Beige,Queen) - FOOTBOARD",60,BEAU6108643,44,8/15/2021,44,0
5/20/2021,PO00000307 - 2,B1052Q-4/4,"Macy Fabric Bed with Storage(Velvet Beige,Queen) - DRAWERS",60,BEAU6108643,44,8/15/2021,44,0
5/20/2021,PO00000307 - 2,B1053K-1/3,"Meredith Fabric Bed(Velvet Beige,King) - HEADBOARD",60,BEAU6108643,15,8/15/2021,36,0
5/20/2021,PO00000307 - 2,B1053K-2/3,"Meredith Fabric Bed(Velvet Beige,King) - FOOTBOARD",60,BEAU6108643,15,8/15/2021,43,0
5/20/2021,PO00000307 - 2,B1053K-3/3,"Meredith Fabric Bed(Velvet Beige,King) - SIDE RAILS",60,BEAU6108643,15,8/15/2021,18,0
5/20/2021,PO00000307 - 2,B1053Q-1/3,"Meredith Fabric Bed(Velvet Beige,Queen) - HEADBOARD",60,BEAU6108643,18,8/15/2021,31,0
5/20/2021,PO00000307 - 2,B1053Q-2/3,"Meredith Fabric Bed(Velvet Beige,Queen) - FOOTBOARD",60,BEAU6108643,18,8/15/2021,43,0
5/20/2021,PO00000307 - 2,B1053Q-3/3,"Meredith Fabric Bed(Velvet Beige,Queen) - SIDE RAILS",60,BEAU6108643,18,8/15/2021,43,0
5/21/2021,100569,B1040K-1/2,ZOEY Rosewood Platform Bed(King) - TBD,60,,0,11/1/2021,1,0
5/21/2021,100569,B1040K-2/2,ZOEY Rosewood Platform Bed(King) - TBD,60,,0,11/1/2021,0,0
5/21/2021,100569,B1040Q-1/2,ZOEY Rosewood Platform Bed(Queen) - TBD,60,,0,11/1/2021,0,0
5/21/2021,100569,B1040Q-2/2,ZOEY Rosewood Platform Bed(Queen) - TBD,60,,0,11/1/2021,0,0
5/21/2021,100569,T5808,AMINA Acacia Side Table(Large),60,,0,11/1/2021,0,0
5/21/2021,100569,T5809,AMINA Acacia Side Table(Small),60,,0,11/1/2021,0,0
5/21/2021,100569,T5810,LAYLA Rosewood Dining Table(Natural),60,,0,11/1/2021,0,0
5/21/2021,100569,T5812,LAYLA Rosewood Sideboard(Natural),60,,0,11/1/2021,-1,0
5/21/2021,100569,T5814,LAYLA Rosewood Coffee Table(Natural),60,,0,11/1/2021,0,0
5/21/2021,100569,T5815,IDRISSA Acacia Dining Table(Brown),60,,0,11/1/2021,0,0
5/21/2021,100569,T5816,IDRISSA Acacia Dining Bench(Brown),60,,0,11/1/2021,0,0
5/21/2021,100569,T5818,IDRISSA Metal Bookcase,60,,0,11/1/2021,1,0
5/21/2021,100569,T5823,PIPER Acacia Side Table,60,,0,11/1/2021,0,0
5/21/2021,100569,T5825,PAISLEY Rosewood Dining Table,60,,0,11/1/2021,0,0
5/21/2021,100569,T5827,IAN Rosewood Table with Wooden Plank Legs(195cm),60,,0,11/1/2021,0,0
5/26/2021,100572,X2016,"Live Edge Suar Table Top(180cm,Natural)",60,,0,1/28/2022,11,13
5/26/2021,100572,X2018,"Live Edge Suar Table Top(210cm,Natural)",60,,0,1/28/2022,47,19
5/26/2021,100572,X2044,"Live Edge Suar Bench Top(145cm,Natural)",60,,0,1/28/2022,9,12
5/26/2021,100572,X2045,"Live Edge Suar Bench Top(205cm,Natural)",60,,0,1/28/2022,9,2
5/26/2021,100572,X2114,"Suar Straight Cut Table Top(180cm,Natural)",60,,0,1/28/2022,15,5
5/26/2021,100572,X2119,"Live Edge Suar Table Top(160cm,Natural)",60,,0,1/28/2022,48,17
5/26/2021,100573,A0010,IVY Reclaim Root Sculpture,60,,0,1/13/2022,23,7
5/26/2021,100573,A0014,ANSEL Mango Wood Hanging Tree,60,,0,1/13/2022,54,18
5/26/2021,100573,T5652,KODA Suar Root Wood Console(125-150),60,,0,1/13/2022,0,0
5/26/2021,100573,T5653,KODA Suar Root Wood Console(151-175),60,,0,1/13/2022,5,2
5/26/2021,100573,T5654,KODA Suar Wood Bench(120),60,,0,1/13/2022,10,5
5/26/2021,100573,T5687,KODA Suar Root Wood Console(176-200),60,,0,1/13/2022,1,1
5/26/2021,100573,T5688,KODA Suar Root Wood Console(201-250),60,,0,1/13/2022,3,1
5/26/2021,100573,T5689,KODA Suar Root Wood TV Unit,60,,0,1/13/2022,1,0
5/26/2021,100574,A0010,IVY Reclaim Root Sculpture,60,,0,2/27/2022,23,7
5/26/2021,100574,A0014,ANSEL Mango Wood Hanging Tree,60,,0,2/27/2022,54,18
5/26/2021,100574,X2112,"Live Edge Suar Table Top(300cm,Natural)",60,,0,2/27/2022,2,5
5/26/2021,100574,X2113,"Live Edge Suar Table Top(250cm,Natural)",60,,0,2/27/2022,8,3
5/26/2021,100574,X2114,"Suar Straight Cut Table Top(180cm,Natural)",60,,0,2/27/2022,15,5
5/26/2021,100574,X2115,"Suar Straight Cut Table Top(210cm,Natural)",60,,0,2/27/2022,1,1
5/26/2021,100574,X2117,"Suar Straight Cut Table Top(300cm,Natural)",60,,0,2/27/2022,8,3
5/26/2021,100575,X2016,"Live Edge Suar Table Top(180cm,Natural)",60,,0,3/30/2022,11,13
5/26/2021,100575,X2018,"Live Edge Suar Table Top(210cm,Natural)",60,,0,3/30/2022,47,19
5/26/2021,100575,X2044,"Live Edge Suar Bench Top(145cm,Natural)",60,,0,3/30/2022,9,12
5/26/2021,100575,X2045,"Live Edge Suar Bench Top(205cm,Natural)",60,,0,3/30/2022,9,2
5/26/2021,100575,X2113,"Live Edge Suar Table Top(250cm,Natural)",60,,0,3/30/2022,8,3
5/26/2021,100575,X2119,"Live Edge Suar Table Top(160cm,Natural)",60,,0,3/30/2022,48,17
